date,open,high,low,close,volume
2024-01-01T00:00:00,2281.87,2297.18,2281.27,2295.51,10771.9183
2024-01-01T01:00:00,2295.52,2306.6,2292.9,2303.72,8413.426
2024-01-01T02:00:00,2303.72,2304.72,2291.2,2293.02,5808.2533
2024-01-01T03:00:00,2293.03,2294.5,2271.0,2273.81,10745.736
2024-01-01T04:00:00,2273.8,2279.86,2265.24,2279.55,9681.5762
2024-01-01T05:00:00,2279.54,2283.36,2272.62,2275.89,6705.1165
2024-01-01T06:00:00,2275.89,2283.31,2274.16,2281.9,6056.6319
2024-01-01T07:00:00,2281.9,2287.88,2281.51,2284.67,5664.1887
2024-01-01T08:00:00,2284.68,2287.38,2280.0,2287.01,5571.1935
2024-01-01T09:00:00,2287.01,2300.0,2287.0,2299.8,8083.262
2024-01-01T10:00:00,2299.8,2303.0,2297.4,2302.04,8188.7741
2024-01-01T11:00:00,2302.04,2305.05,2299.0,2304.47,6050.8796
2024-01-01T12:00:00,2304.47,2307.24,2299.04,2299.43,7257.2379
2024-01-01T13:00:00,2299.42,2308.2,2298.07,2304.16,5288.8224
2024-01-01T14:00:00,2304.16,2305.11,2294.84,2300.99,7316.2575
2024-01-01T15:00:00,2300.99,2318.34,2299.2,2314.7,12303.5344
2024-01-01T16:00:00,2314.69,2319.55,2306.53,2309.89,11755.1864
2024-01-01T17:00:00,2309.89,2317.09,2306.48,2313.76,8560.8241
2024-01-01T18:00:00,2313.77,2331.77,2313.76,2326.9,15349.3543
2024-01-01T19:00:00,2326.9,2340.98,2322.0,2337.26,11136.8878
2024-01-01T20:00:00,2337.27,2348.78,2335.25,2340.98,17493.0377
2024-01-01T21:00:00,2340.98,2346.55,2332.2,2337.83,10238.9674
2024-01-01T22:00:00,2337.83,2339.1,2323.66,2334.21,6444.2583
2024-01-01T23:00:00,2334.22,2352.37,2334.17,2352.04,11817.3671
2024-01-02T00:00:00,2352.05,2391.43,2346.95,2387.58,40687.4646
2024-01-02T01:00:00,2387.59,2397.56,2370.38,2378.08,29424.4237
2024-01-02T02:00:00,2378.09,2382.96,2373.65,2382.95,13292.5147
2024-01-02T03:00:00,2382.96,2388.61,2371.47,2386.43,16262.0974
2024-01-02T04:00:00,2386.42,2390.44,2378.58,2387.66,12124.3336
2024-01-02T05:00:00,2387.66,2392.4,2377.18,2377.48,14852.3142
2024-01-02T06:00:00,2377.47,2383.68,2373.86,2373.86,10223.5551
2024-01-02T07:00:00,2373.86,2388.93,2373.69,2385.84,13341.4557
2024-01-02T08:00:00,2385.84,2431.3,2380.09,2426.49,48568.8207
2024-01-02T09:00:00,2426.49,2428.43,2411.74,2413.77,21469.8389
2024-01-02T10:00:00,2413.77,2416.4,2392.85,2398.14,19010.6342
2024-01-02T11:00:00,2398.15,2402.91,2380.36,2391.24,17120.8522
2024-01-02T12:00:00,2391.24,2404.68,2382.73,2386.85,15110.638
2024-01-02T13:00:00,2386.85,2400.78,2382.22,2398.0,13619.2626
2024-01-02T14:00:00,2398.01,2402.65,2354.92,2367.28,33817.2174
2024-01-02T15:00:00,2367.27,2371.14,2352.04,2357.48,25617.6125
2024-01-02T16:00:00,2357.48,2369.6,2350.19,2367.91,18916.5505
2024-01-02T17:00:00,2367.92,2368.14,2350.95,2357.43,11178.9001
2024-01-02T18:00:00,2357.43,2369.6,2355.54,2365.7,8386.0845
2024-01-02T19:00:00,2365.7,2372.75,2354.79,2369.19,18480.2093
2024-01-02T20:00:00,2369.19,2380.0,2358.32,2359.87,15536.6175
2024-01-02T21:00:00,2359.86,2366.34,2341.0,2366.34,16682.1997
2024-01-02T22:00:00,2366.33,2372.5,2357.53,2359.03,9548.8149
2024-01-02T23:00:00,2359.02,2363.24,2351.0,2355.34,14769.2522
2024-01-03T00:00:00,2355.35,2367.0,2347.4,2361.39,14703.209
2024-01-03T01:00:00,2361.39,2375.0,2360.04,2373.08,10216.5552
2024-01-03T02:00:00,2373.08,2384.66,2367.33,2368.75,14123.3289
2024-01-03T03:00:00,2368.75,2370.31,2364.21,2368.51,7666.7494
2024-01-03T04:00:00,2368.51,2373.9,2363.21,2370.5,11719.5227
2024-01-03T05:00:00,2370.51,2379.61,2367.99,2376.94,9631.564
2024-01-03T06:00:00,2376.94,2380.9,2373.6,2375.34,9648.9752
2024-01-03T07:00:00,2375.35,2379.68,2356.99,2361.64,15554.4245
2024-01-03T08:00:00,2361.65,2371.4,2361.26,2370.5,11377.5475
2024-01-03T09:00:00,2370.5,2385.45,2370.29,2376.01,17937.7063
2024-01-03T10:00:00,2376.02,2380.84,2360.88,2364.58,20258.2137
2024-01-03T11:00:00,2364.58,2365.62,2294.01,2307.68,59133.3805
2024-01-03T12:00:00,2307.99,2308.6,2100.0,2248.55,209264.8157
2024-01-03T13:00:00,2248.55,2248.8,2206.96,2223.79,65271.6267
2024-01-03T14:00:00,2223.79,2224.0,2191.0,2193.77,48027.5734
2024-01-03T15:00:00,2193.76,2241.0,2190.0,2240.4,47153.4205
2024-01-03T16:00:00,2240.39,2245.33,2222.11,2231.4,55308.6344
2024-01-03T17:00:00,2231.41,2235.0,2212.0,2223.3,31364.4458
2024-01-03T18:00:00,2223.3,2227.99,2188.0,2198.23,35399.3147
2024-01-03T19:00:00,2198.23,2229.11,2197.26,2206.53,30235.3792
2024-01-03T20:00:00,2206.54,2223.63,2205.28,2218.28,21326.7288
2024-01-03T21:00:00,2218.29,2227.87,2211.93,2226.03,18373.485
2024-01-03T22:00:00,2226.02,2226.45,2200.0,2205.39,20334.8895
2024-01-03T23:00:00,2205.38,2210.26,2196.23,2209.72,14697.9963
2024-01-04T00:00:00,2209.72,2219.92,2206.44,2210.64,13776.3421
2024-01-04T01:00:00,2210.64,2214.24,2201.91,2205.92,17337.1328
2024-01-04T02:00:00,2205.92,2232.89,2204.63,2231.59,13022.4081
2024-01-04T03:00:00,2231.6,2239.79,2225.23,2231.08,15194.924
2024-01-04T04:00:00,2231.07,2239.3,2227.8,2237.88,11737.6471
2024-01-04T05:00:00,2237.89,2244.04,2232.78,2235.93,15376.1833
2024-01-04T06:00:00,2235.93,2244.93,2235.0,2238.8,17678.9008
2024-01-04T07:00:00,2238.79,2241.83,2220.0,2221.85,24228.6995
2024-01-04T08:00:00,2221.85,2226.64,2211.13,2215.95,23815.4444
2024-01-04T09:00:00,2215.96,2229.71,2214.6,2223.4,10324.9931
2024-01-04T10:00:00,2223.41,2226.12,2205.0,2222.39,15301.0791
2024-01-04T11:00:00,2222.38,2230.71,2215.0,2228.14,11585.5486
2024-01-04T12:00:00,2228.13,2245.19,2222.7,2235.99,29830.227
2024-01-04T13:00:00,2235.99,2247.36,2231.8,2238.29,15912.5495
2024-01-04T14:00:00,2238.29,2274.48,2230.66,2273.25,32621.2049
2024-01-04T15:00:00,2273.26,2285.99,2261.93,2276.87,35027.0629
2024-01-04T16:00:00,2276.88,2280.97,2259.1,2269.58,29449.0032
2024-01-04T17:00:00,2269.59,2289.26,2267.35,2274.72,29583.6827
2024-01-04T18:00:00,2274.72,2279.96,2268.28,2273.76,13302.1568
2024-01-04T19:00:00,2273.76,2294.08,2271.01,2274.27,19089.4206
2024-01-04T20:00:00,2274.27,2294.69,2272.68,2273.4,18305.4429
2024-01-04T21:00:00,2273.4,2288.46,2268.51,2273.17,15060.3368
2024-01-04T22:00:00,2273.17,2286.75,2261.57,2270.0,13156.9883
2024-01-04T23:00:00,2270.01,2275.76,2266.57,2267.11,8126.6765
2024-01-05T00:00:00,2267.11,2274.76,2261.0,2267.62,11988.5698
2024-01-05T01:00:00,2267.62,2271.12,2212.0,2237.93,36936.1632
2024-01-05T02:00:00,2237.94,2251.2,2231.71,2240.4,19014.2827
2024-01-05T03:00:00,2240.41,2250.47,2238.92,2242.28,8943.3291
2024-01-05T04:00:00,2242.29,2247.63,2234.3,2243.85,12945.6834
2024-01-05T05:00:00,2243.86,2248.0,2241.42,2246.45,9594.8614
2024-01-05T06:00:00,2246.45,2257.87,2240.48,2255.34,18363.4853
2024-01-05T07:00:00,2255.34,2265.72,2252.74,2252.75,17584.0775
2024-01-05T08:00:00,2252.75,2259.2,2250.0,2252.24,15264.3154
2024-01-05T09:00:00,2252.24,2269.0,2252.23,2264.59,26133.9653
2024-01-05T10:00:00,2264.6,2265.89,2233.23,2240.31,14816.2616
2024-01-05T11:00:00,2240.32,2249.77,2238.96,2241.97,13474.3408
2024-01-05T12:00:00,2241.97,2253.64,2234.29,2242.03,13639.4615
2024-01-05T13:00:00,2242.04,2251.9,2237.28,2247.41,17264.5888
2024-01-05T14:00:00,2247.41,2252.77,2221.0,2226.79,29039.8466
2024-01-05T15:00:00,2226.8,2242.27,2218.0,2224.99,27168.394
2024-01-05T16:00:00,2225.0,2233.34,2210.01,2211.82,18457.0341
2024-01-05T17:00:00,2211.82,2232.79,2206.17,2232.1,19964.2276
2024-01-05T18:00:00,2232.1,2238.6,2224.2,2233.84,9113.1795
2024-01-05T19:00:00,2233.85,2240.67,2229.89,2234.26,8570.5586
2024-01-05T20:00:00,2234.26,2261.0,2234.25,2248.36,15134.2859
2024-01-05T21:00:00,2248.36,2248.74,2234.18,2246.39,8384.8671
2024-01-05T22:00:00,2246.4,2249.4,2238.22,2247.75,5201.6457
2024-01-05T23:00:00,2247.76,2277.21,2247.75,2268.78,28570.5757
2024-01-06T00:00:00,2268.78,2270.0,2257.87,2262.95,10606.0877
2024-01-06T01:00:00,2262.94,2263.29,2253.28,2254.91,7665.4264
2024-01-06T02:00:00,2254.92,2258.01,2251.0,2255.17,7072.2755
2024-01-06T03:00:00,2255.18,2256.2,2250.4,2252.99,4062.399
2024-01-06T04:00:00,2253.0,2255.66,2245.42,2246.79,5548.7886
2024-01-06T05:00:00,2246.79,2249.72,2229.63,2235.19,14871.2131
2024-01-06T06:00:00,2235.2,2235.6,2216.4,2219.34,18707.5482
2024-01-06T07:00:00,2219.35,2233.13,2216.4,2233.12,11531.0763
2024-01-06T08:00:00,2233.13,2238.05,2228.58,2237.54,7452.6581
2024-01-06T09:00:00,2237.54,2240.0,2233.8,2234.6,7160.5431
2024-01-06T10:00:00,2234.6,2239.2,2229.92,2235.94,6977.8224
2024-01-06T11:00:00,2235.95,2239.13,2231.03,2238.67,6223.5521
2024-01-06T12:00:00,2238.67,2241.76,2228.37,2232.2,6699.843
2024-01-06T13:00:00,2232.2,2238.99,2228.4,2237.01,10627.1919
2024-01-06T14:00:00,2237.0,2248.27,2236.4,2240.94,15596.2437
2024-01-06T15:00:00,2240.93,2248.32,2237.79,2246.4,8155.4921
2024-01-06T16:00:00,2246.41,2249.84,2243.36,2245.55,5908.42
2024-01-06T17:00:00,2245.54,2252.45,2243.02,2248.67,6037.2146
2024-01-06T18:00:00,2248.67,2254.77,2245.0,2246.91,5357.8165
2024-01-06T19:00:00,2246.92,2247.66,2237.5,2244.63,4931.1215
2024-01-06T20:00:00,2244.64,2247.5,2233.0,2241.76,6925.3863
2024-01-06T21:00:00,2241.77,2242.51,2235.47,2240.15,4274.5213
2024-01-06T22:00:00,2240.15,2241.01,2231.0,2237.45,4496.8548
2024-01-06T23:00:00,2237.45,2240.78,2230.62,2240.78,7178.3694
2024-01-07T00:00:00,2240.77,2254.0,2238.52,2249.61,8349.6894
2024-01-07T01:00:00,2249.61,2254.03,2241.2,2241.2,7214.8161
2024-01-07T02:00:00,2241.2,2248.78,2235.58,2240.2,6665.3952
2024-01-07T03:00:00,2240.19,2246.45,2240.19,2242.2,5402.7349
2024-01-07T04:00:00,2242.19,2248.76,2242.19,2248.69,5703.6005
2024-01-07T05:00:00,2248.68,2250.67,2241.2,2242.99,4707.6653
2024-01-07T06:00:00,2242.99,2250.9,2241.0,2249.59,5520.5631
2024-01-07T07:00:00,2249.59,2251.44,2246.06,2249.15,5428.305
2024-01-07T08:00:00,2249.15,2253.0,2238.73,2239.76,7777.477
2024-01-07T09:00:00,2239.76,2242.2,2230.26,2233.54,8730.3643
2024-01-07T10:00:00,2233.55,2239.81,2232.86,2237.4,5826.0259
2024-01-07T11:00:00,2237.39,2243.03,2234.41,2237.04,6774.5061
2024-01-07T12:00:00,2237.05,2241.94,2231.6,2237.84,7508.7333
2024-01-07T13:00:00,2237.85,2258.01,2237.6,2252.09,16850.788
2024-01-07T14:00:00,2252.1,2255.0,2243.46,2249.44,7833.5215
2024-01-07T15:00:00,2249.44,2249.9,2222.46,2230.83,17307.3952
2024-01-07T16:00:00,2230.83,2235.7,2221.8,2226.51,10099.5469
2024-01-07T17:00:00,2226.52,2243.0,2221.0,2239.23,9388.3383
2024-01-07T18:00:00,2239.23,2249.07,2236.71,2245.18,6053.6989
2024-01-07T19:00:00,2245.18,2249.98,2241.73,2248.6,5084.4011
2024-01-07T20:00:00,2248.6,2251.27,2239.04,2239.05,8492.141
2024-01-07T21:00:00,2239.05,2244.37,2234.48,2239.76,4930.1153
2024-01-07T22:00:00,2239.76,2239.76,2208.17,2216.39,19412.1331
2024-01-07T23:00:00,2216.4,2224.9,2203.46,2221.42,16076.7373
2024-01-08T00:00:00,2221.42,2224.41,2188.88,2194.6,23597.2688
2024-01-08T01:00:00,2194.6,2209.78,2192.9,2203.97,12644.1219
2024-01-08T02:00:00,2203.98,2208.0,2171.54,2183.78,25726.363
2024-01-08T03:00:00,2183.79,2196.45,2166.38,2190.87,28249.0491
2024-01-08T04:00:00,2190.88,2198.4,2188.0,2196.47,11224.9662
2024-01-08T05:00:00,2196.48,2197.92,2188.89,2196.59,11097.3588
2024-01-08T06:00:00,2196.59,2223.99,2194.67,2213.22,24182.3678
2024-01-08T07:00:00,2213.22,2230.0,2212.37,2224.08,16001.7468
2024-01-08T08:00:00,2224.07,2234.0,2220.79,2221.88,13324.1107
2024-01-08T09:00:00,2221.88,2225.19,2204.47,2211.06,12675.8747
2024-01-08T10:00:00,2211.06,2229.46,2208.08,2226.47,11709.8671
2024-01-08T11:00:00,2226.46,2242.0,2220.33,2240.61,18520.1762
2024-01-08T12:00:00,2240.61,2269.64,2239.81,2265.19,45465.9318
2024-01-08T13:00:00,2265.2,2275.0,2259.31,2265.47,24139.81
2024-01-08T14:00:00,2265.48,2272.71,2256.07,2261.18,18441.7611
2024-01-08T15:00:00,2261.18,2283.02,2256.03,2269.59,25079.0589
2024-01-08T16:00:00,2269.59,2285.0,2259.39,2263.63,19796.1459
2024-01-08T17:00:00,2263.63,2307.69,2261.24,2306.82,33148.9935
2024-01-08T18:00:00,2306.82,2340.32,2305.3,2335.99,62013.4583
2024-01-08T19:00:00,2335.98,2358.2,2323.29,2354.56,44381.3307
2024-01-08T20:00:00,2354.57,2357.79,2334.23,2336.4,21333.6107
2024-01-08T21:00:00,2336.39,2347.39,2332.71,2337.08,13486.7019
2024-01-08T22:00:00,2337.08,2342.57,2332.9,2337.63,8332.9606
2024-01-08T23:00:00,2337.63,2337.63,2325.36,2330.44,14834.5202
2024-01-09T00:00:00,2330.43,2336.7,2289.98,2306.9,33340.2527
2024-01-09T01:00:00,2306.89,2315.18,2296.56,2309.36,19092.9739
2024-01-09T02:00:00,2309.35,2316.6,2306.0,2312.1,9560.0333
2024-01-09T03:00:00,2312.09,2314.69,2307.02,2309.13,9382.4544
2024-01-09T04:00:00,2309.12,2318.0,2300.4,2315.2,8726.1326
2024-01-09T05:00:00,2315.2,2319.01,2301.4,2308.77,9108.7656
2024-01-09T06:00:00,2308.77,2309.08,2297.26,2302.0,8630.946
2024-01-09T07:00:00,2302.0,2310.64,2298.58,2306.05,8529.9324
2024-01-09T08:00:00,2306.05,2311.3,2290.26,2291.28,11885.1589
2024-01-09T09:00:00,2291.28,2297.22,2285.4,2291.37,14051.9445
2024-01-09T10:00:00,2291.37,2301.73,2289.0,2292.4,9995.6604
2024-01-09T11:00:00,2292.4,2303.09,2289.14,2298.76,9746.6547
2024-01-09T12:00:00,2298.77,2304.21,2226.78,2264.2,28207.9071
2024-01-09T13:00:00,2264.2,2283.38,2260.7,2275.25,36739.6077
2024-01-09T14:00:00,2275.25,2283.02,2241.0,2247.4,24287.8317
2024-01-09T15:00:00,2247.39,2268.64,2241.58,2257.18,21766.7984
2024-01-09T16:00:00,2257.18,2265.89,2243.41,2264.43,21806.2349
2024-01-09T17:00:00,2264.43,2270.57,2256.07,2264.0,11924.7723
2024-01-09T18:00:00,2264.0,2278.03,2258.69,2275.94,10444.9729
2024-01-09T19:00:00,2275.93,2277.78,2258.22,2270.91,10069.4162
2024-01-09T20:00:00,2270.91,2273.91,2247.72,2250.61,17897.9833
2024-01-09T21:00:00,2250.6,2371.0,2247.74,2317.66,131930.6011
2024-01-09T22:00:00,2317.65,2371.72,2314.61,2340.9,59998.629
2024-01-09T23:00:00,2340.91,2346.75,2316.22,2344.29,24329.3291
2024-01-10T00:00:00,2344.3,2400.0,2339.59,2398.63,58178.8641
2024-01-10T01:00:00,2398.64,2400.53,2365.51,2376.77,33219.1768
2024-01-10T02:00:00,2376.77,2377.2,2345.0,2347.33,21371.2369
2024-01-10T03:00:00,2347.34,2368.96,2343.78,2361.51,18411.842
2024-01-10T04:00:00,2361.5,2388.68,2358.0,2380.37,27527.9691
2024-01-10T05:00:00,2380.38,2393.22,2371.64,2386.8,17652.8036
2024-01-10T06:00:00,2386.8,2388.54,2372.28,2380.51,14380.2814
2024-01-10T07:00:00,2380.51,2385.56,2366.1,2368.75,14626.4226
2024-01-10T08:00:00,2368.75,2383.44,2362.64,2364.81,19530.0744
2024-01-10T09:00:00,2364.81,2431.0,2364.71,2425.62,69497.8834
2024-01-10T10:00:00,2425.62,2427.17,2400.0,2400.58,23802.08
2024-01-10T11:00:00,2400.58,2409.06,2381.0,2402.21,22874.6757
2024-01-10T12:00:00,2402.21,2417.9,2342.0,2359.61,61829.7759
2024-01-10T13:00:00,2359.61,2391.0,2350.33,2377.83,36869.1035
2024-01-10T14:00:00,2377.84,2395.75,2369.61,2386.3,24974.0313
2024-01-10T15:00:00,2386.31,2456.0,2382.96,2449.3,84828.7792
2024-01-10T16:00:00,2449.3,2457.6,2406.06,2407.15,37057.5708
2024-01-10T17:00:00,2407.15,2444.81,2400.71,2436.69,34909.6364
2024-01-10T18:00:00,2436.69,2443.0,2415.0,2435.04,24033.1303
2024-01-10T19:00:00,2435.05,2481.59,2425.67,2477.9,55178.4021
2024-01-10T20:00:00,2477.9,2488.56,2411.0,2484.63,76041.7101
2024-01-10T21:00:00,2484.63,2534.64,2472.0,2528.14,109201.4141
2024-01-10T22:00:00,2528.13,2556.58,2510.17,2547.6,55072.0113
2024-01-10T23:00:00,2547.59,2643.1,2542.83,2584.38,97319.791
2024-01-11T00:00:00,2584.37,2608.0,2568.91,2606.43,40621.2162
2024-01-11T01:00:00,2606.42,2607.32,2566.01,2568.2,32942.3718
2024-01-11T02:00:00,2568.21,2586.21,2566.22,2580.41,21186.0545
2024-01-11T03:00:00,2580.42,2614.76,2571.55,2613.01,29129.7906
2024-01-11T04:00:00,2613.0,2630.0,2605.0,2615.01,50501.5675
2024-01-11T05:00:00,2615.01,2615.8,2584.0,2596.72,29096.3041
2024-01-11T06:00:00,2596.72,2598.45,2573.01,2577.23,29061.6328
2024-01-11T07:00:00,2577.22,2591.8,2576.0,2589.15,16944.8038
2024-01-11T08:00:00,2589.15,2616.96,2586.66,2615.59,18711.183
2024-01-11T09:00:00,2615.59,2620.0,2604.8,2608.68,16253.7555
2024-01-11T10:00:00,2608.68,2649.96,2607.55,2636.79,33088.3948
2024-01-11T11:00:00,2636.79,2665.74,2626.99,2657.9,39262.2822
2024-01-11T12:00:00,2657.89,2662.44,2636.1,2647.02,36689.2108
2024-01-11T13:00:00,2647.03,2656.6,2622.4,2635.98,35353.4103
2024-01-11T14:00:00,2635.97,2686.6,2616.98,2681.86,86952.9265
2024-01-11T15:00:00,2681.87,2689.39,2593.6,2613.19,107554.1163
2024-01-11T16:00:00,2613.19,2625.13,2570.0,2588.0,63843.0918
2024-01-11T17:00:00,2588.01,2615.03,2574.23,2602.45,34495.983
2024-01-11T18:00:00,2602.46,2618.2,2589.67,2613.45,24347.9203
2024-01-11T19:00:00,2613.45,2622.46,2597.77,2622.07,19696.1792
2024-01-11T20:00:00,2622.07,2632.28,2587.48,2593.93,30649.2208
2024-01-11T21:00:00,2593.93,2621.0,2592.23,2603.79,17232.6158
2024-01-11T22:00:00,2603.79,2615.9,2595.81,2615.42,12571.7128
2024-01-11T23:00:00,2615.43,2624.81,2610.41,2618.01,12526.5133
2024-01-12T00:00:00,2618.01,2624.29,2593.15,2599.74,17384.4755
2024-01-12T01:00:00,2599.73,2603.72,2580.0,2593.02,14571.3939
2024-01-12T02:00:00,2593.01,2616.02,2591.38,2607.72,13425.4872
2024-01-12T03:00:00,2607.72,2608.16,2588.09,2589.81,13641.2079
2024-01-12T04:00:00,2589.81,2605.62,2585.62,2594.02,14033.2014
2024-01-12T05:00:00,2594.02,2610.0,2590.32,2608.79,10426.8829
2024-01-12T06:00:00,2608.8,2626.43,2607.24,2617.64,21783.0259
2024-01-12T07:00:00,2617.65,2621.5,2590.66,2595.73,31522.9804
2024-01-12T08:00:00,2595.72,2604.18,2584.11,2601.93,18252.1687
2024-01-12T09:00:00,2601.93,2618.35,2585.34,2614.77,27408.249
2024-01-12T10:00:00,2614.78,2622.63,2611.37,2620.93,17822.6402
2024-01-12T11:00:00,2620.93,2667.99,2618.61,2647.59,53751.135
2024-01-12T12:00:00,2647.58,2680.0,2634.0,2650.52,48622.0111
2024-01-12T13:00:00,2650.52,2691.49,2644.92,2673.78,46883.0878
2024-01-12T14:00:00,2673.78,2712.78,2662.5,2705.75,66302.1426
2024-01-12T15:00:00,2705.75,2717.32,2637.58,2647.02,78920.5447
2024-01-12T16:00:00,2647.02,2688.83,2602.27,2620.44,88912.2011
2024-01-12T17:00:00,2620.45,2631.79,2560.71,2603.05,64194.6509
2024-01-12T18:00:00,2603.06,2611.78,2580.0,2595.71,31292.9384
2024-01-12T19:00:00,2595.71,2613.96,2582.67,2584.43,20691.2366
2024-01-12T20:00:00,2584.44,2598.2,2565.78,2569.36,26809.6625
2024-01-12T21:00:00,2569.35,2576.29,2501.18,2526.05,52999.9334
2024-01-12T22:00:00,2526.06,2528.52,2458.0,2498.6,75075.4301
2024-01-12T23:00:00,2498.6,2530.9,2496.93,2522.54,32731.0755
2024-01-13T00:00:00,2522.55,2538.01,2516.8,2517.45,23049.1095
2024-01-13T01:00:00,2517.45,2528.12,2497.5,2525.39,30061.0029
2024-01-13T02:00:00,2525.39,2553.77,2519.48,2545.97,37973.9847
2024-01-13T03:00:00,2545.98,2557.15,2537.09,2548.53,18942.0833
2024-01-13T04:00:00,2548.53,2549.3,2539.2,2547.21,11600.2656
2024-01-13T05:00:00,2547.21,2556.02,2540.35,2554.33,10559.5557
2024-01-13T06:00:00,2554.34,2554.52,2542.66,2552.01,14396.9308
2024-01-13T07:00:00,2552.01,2561.68,2547.6,2550.99,12406.735
2024-01-13T08:00:00,2550.99,2560.55,2549.4,2555.59,12746.4726
2024-01-13T09:00:00,2555.6,2557.54,2537.94,2540.78,17839.5002
2024-01-13T10:00:00,2540.78,2541.92,2521.18,2531.15,20787.1519
2024-01-13T11:00:00,2531.14,2545.61,2529.5,2542.5,18399.8625
2024-01-13T12:00:00,2542.5,2551.86,2535.8,2542.7,16973.7735
2024-01-13T13:00:00,2542.69,2549.82,2537.82,2542.08,12255.4567
2024-01-13T14:00:00,2542.08,2545.37,2531.15,2539.54,21189.8394
2024-01-13T15:00:00,2539.54,2566.19,2539.49,2563.83,18387.9388
2024-01-13T16:00:00,2563.83,2572.2,2551.0,2557.25,24748.4013
2024-01-13T17:00:00,2557.25,2566.63,2550.0,2555.63,24845.2786
2024-01-13T18:00:00,2555.63,2573.6,2552.01,2560.89,15741.0834
2024-01-13T19:00:00,2560.89,2580.0,2559.96,2571.91,19842.1598
2024-01-13T20:00:00,2571.91,2580.95,2566.82,2568.76,11706.3211
2024-01-13T21:00:00,2568.75,2574.59,2562.8,2573.28,7013.4028
2024-01-13T22:00:00,2573.29,2578.18,2566.61,2578.17,6670.6494
2024-01-13T23:00:00,2578.18,2590.0,2573.37,2578.19,13924.2725
2024-01-14T00:00:00,2578.18,2578.69,2561.08,2564.04,11669.8904
2024-01-14T01:00:00,2564.04,2574.4,2562.32,2569.4,6757.1644
2024-01-14T02:00:00,2569.41,2571.2,2554.88,2560.5,10260.0512
2024-01-14T03:00:00,2560.51,2564.52,2549.72,2550.99,19228.9161
2024-01-14T04:00:00,2551.0,2555.88,2541.8,2543.94,24093.1637
2024-01-14T05:00:00,2543.95,2555.64,2543.22,2552.64,10220.9533
2024-01-14T06:00:00,2552.64,2555.79,2548.2,2552.85,6821.7171
2024-01-14T07:00:00,2552.85,2554.37,2543.65,2550.83,9052.7731
2024-01-14T08:00:00,2550.84,2553.13,2544.89,2553.12,5587.4279
2024-01-14T09:00:00,2553.13,2553.71,2539.49,2553.71,11568.4411
2024-01-14T10:00:00,2553.7,2553.8,2540.0,2542.28,6980.8092
2024-01-14T11:00:00,2542.27,2547.14,2534.58,2538.0,10073.7761
2024-01-14T12:00:00,2538.01,2546.58,2533.39,2537.17,11582.6707
2024-01-14T13:00:00,2537.18,2538.34,2524.39,2533.81,12026.6593
2024-01-14T14:00:00,2533.8,2542.79,2530.95,2540.93,10770.2865
2024-01-14T15:00:00,2540.93,2544.93,2535.01,2537.68,5848.9588
2024-01-14T16:00:00,2537.68,2543.97,2521.35,2527.46,13488.2214
2024-01-14T17:00:00,2527.46,2538.65,2524.24,2530.95,11218.4106
2024-01-14T18:00:00,2530.95,2538.0,2522.02,2531.6,8413.2965
2024-01-14T19:00:00,2531.6,2532.85,2500.0,2501.0,18346.2516
2024-01-14T20:00:00,2500.99,2519.12,2480.41,2508.94,18767.5519
2024-01-14T21:00:00,2508.94,2527.53,2498.6,2527.2,13329.304
2024-01-14T22:00:00,2527.21,2531.93,2503.46,2508.84,9524.2579
2024-01-14T23:00:00,2508.83,2511.17,2470.0,2472.87,40576.7935
2024-01-15T00:00:00,2472.87,2502.4,2470.92,2495.6,29818.6056
2024-01-15T01:00:00,2495.6,2512.64,2487.43,2506.11,25428.145
2024-01-15T02:00:00,2506.11,2506.88,2491.96,2506.03,22457.1742
2024-01-15T03:00:00,2506.03,2513.91,2501.71,2503.32,16428.7208
2024-01-15T04:00:00,2503.32,2512.48,2502.97,2509.89,7359.5599
2024-01-15T05:00:00,2509.89,2519.29,2509.82,2518.49,8938.521
2024-01-15T06:00:00,2518.49,2521.0,2510.85,2513.0,6786.3798
2024-01-15T07:00:00,2513.0,2517.09,2503.46,2513.29,8547.8011
2024-01-15T08:00:00,2513.29,2518.0,2506.88,2513.19,5526.4979
2024-01-15T09:00:00,2513.19,2533.63,2509.87,2528.16,11665.8511
2024-01-15T10:00:00,2528.15,2541.0,2526.05,2535.22,12068.8471
2024-01-15T11:00:00,2535.22,2542.86,2532.0,2539.35,7799.5132
2024-01-15T12:00:00,2539.36,2548.0,2533.0,2540.74,16750.1018
2024-01-15T13:00:00,2540.75,2549.02,2534.52,2538.78,14493.7331
2024-01-15T14:00:00,2538.79,2540.0,2505.8,2508.01,24680.3295
2024-01-15T15:00:00,2508.01,2524.73,2508.0,2514.49,15199.9196
2024-01-15T16:00:00,2514.49,2527.36,2514.05,2523.74,8851.5312
2024-01-15T17:00:00,2523.74,2536.76,2523.72,2532.38,10112.2619
2024-01-15T18:00:00,2532.38,2553.82,2532.38,2539.99,21248.2731
2024-01-15T19:00:00,2539.99,2546.15,2531.0,2534.7,9218.6349
2024-01-15T20:00:00,2534.69,2539.38,2525.11,2530.61,5800.8088
2024-01-15T21:00:00,2530.6,2530.61,2521.33,2522.13,5092.6707
2024-01-15T22:00:00,2522.13,2525.12,2500.33,2513.98,11667.4332
2024-01-15T23:00:00,2513.97,2519.9,2510.88,2511.78,9306.5674
2024-01-16T00:00:00,2511.79,2516.12,2506.08,2509.2,9356.3094
2024-01-16T01:00:00,2509.21,2522.4,2505.0,2514.16,9840.0176
2024-01-16T02:00:00,2514.16,2528.86,2512.03,2517.5,8351.7538
2024-01-16T03:00:00,2517.51,2538.23,2516.4,2537.6,10801.851
2024-01-16T04:00:00,2537.6,2539.36,2528.0,2530.5,8642.0754
2024-01-16T05:00:00,2530.49,2542.14,2528.0,2531.04,8403.2466
2024-01-16T06:00:00,2531.03,2536.84,2525.43,2534.89,9400.4515
2024-01-16T07:00:00,2534.88,2536.89,2522.3,2528.26,9364.5853
2024-01-16T08:00:00,2528.25,2547.18,2523.6,2544.02,14482.2288
2024-01-16T09:00:00,2544.02,2549.38,2538.5,2542.86,18841.6076
2024-01-16T10:00:00,2542.86,2544.12,2529.69,2533.92,8579.8903
2024-01-16T11:00:00,2533.92,2537.94,2521.98,2530.77,11451.4309
2024-01-16T12:00:00,2530.78,2547.95,2529.16,2547.01,9824.4546
2024-01-16T13:00:00,2547.0,2547.8,2524.1,2525.81,13898.6327
2024-01-16T14:00:00,2525.8,2538.32,2500.05,2534.31,42934.8282
2024-01-16T15:00:00,2534.31,2570.79,2524.99,2559.44,42845.7478
2024-01-16T16:00:00,2559.44,2579.62,2548.63,2575.92,36310.9162
2024-01-16T17:00:00,2575.93,2578.93,2562.09,2564.05,14107.6067
2024-01-16T18:00:00,2564.05,2569.44,2554.8,2559.2,11237.7202
2024-01-16T19:00:00,2559.2,2576.09,2555.4,2574.06,9020.9865
2024-01-16T20:00:00,2574.06,2588.97,2571.79,2586.87,18420.4984
2024-01-16T21:00:00,2586.87,2614.43,2584.89,2607.29,24490.8163
2024-01-16T22:00:00,2607.3,2611.6,2593.09,2593.55,14054.1351
2024-01-16T23:00:00,2593.56,2604.8,2585.31,2587.4,16415.8338
2024-01-17T00:00:00,2587.41,2592.06,2580.02,2589.09,15482.4118
2024-01-17T01:00:00,2589.09,2592.97,2576.91,2578.57,12529.3209
2024-01-17T02:00:00,2578.58,2581.78,2573.35,2576.64,11303.9061
2024-01-17T03:00:00,2576.65,2578.89,2571.17,2571.43,8722.5787
2024-01-17T04:00:00,2571.43,2575.57,2561.95,2568.81,10399.8848
2024-01-17T05:00:00,2568.81,2573.31,2561.29,2562.73,9147.989
2024-01-17T06:00:00,2562.73,2570.66,2561.4,2563.01,10517.4129
2024-01-17T07:00:00,2563.0,2566.11,2551.81,2552.52,15498.5594
2024-01-17T08:00:00,2552.53,2554.06,2534.4,2546.84,18418.2627
2024-01-17T09:00:00,2546.84,2551.96,2542.73,2544.36,11531.0322
2024-01-17T10:00:00,2544.36,2553.0,2540.28,2553.0,12396.7523
2024-01-17T11:00:00,2553.0,2553.67,2541.63,2542.85,12535.3421
2024-01-17T12:00:00,2542.86,2552.9,2532.67,2552.38,25697.5357
2024-01-17T13:00:00,2552.38,2552.86,2541.33,2543.77,12544.706
2024-01-17T14:00:00,2543.77,2574.75,2538.12,2550.16,34492.0424
2024-01-17T15:00:00,2550.16,2563.74,2535.69,2539.46,35414.4797
2024-01-17T16:00:00,2539.47,2544.75,2522.0,2534.76,22880.9287
2024-01-17T17:00:00,2534.76,2537.28,2523.1,2529.69,13441.9981
2024-01-17T18:00:00,2529.69,2534.08,2517.22,2532.9,15278.1649
2024-01-17T19:00:00,2532.91,2539.84,2529.19,2533.29,11437.5495
2024-01-17T20:00:00,2533.29,2543.13,2530.59,2539.87,14557.6615
2024-01-17T21:00:00,2539.88,2544.81,2524.17,2526.58,9675.2095
2024-01-17T22:00:00,2526.59,2531.17,2506.75,2528.61,14905.3896
2024-01-17T23:00:00,2528.62,2532.0,2521.16,2530.19,7472.2292
2024-01-18T00:00:00,2530.2,2531.94,2524.13,2530.12,12065.7427
2024-01-18T01:00:00,2530.11,2533.44,2510.03,2522.69,11156.2555
2024-01-18T02:00:00,2522.68,2531.99,2522.26,2528.57,9106.4317
2024-01-18T03:00:00,2528.57,2531.96,2525.46,2529.94,11549.7219
2024-01-18T04:00:00,2529.95,2540.69,2526.52,2529.86,27605.0717
2024-01-18T05:00:00,2529.86,2531.43,2524.72,2529.69,8838.7777
2024-01-18T06:00:00,2529.68,2536.0,2528.24,2533.33,8111.5305
2024-01-18T07:00:00,2533.33,2539.0,2532.05,2538.99,11023.0254
2024-01-18T08:00:00,2538.99,2542.5,2536.1,2537.48,10160.6761
2024-01-18T09:00:00,2537.47,2550.0,2535.46,2539.49,32722.4866
2024-01-18T10:00:00,2539.5,2541.26,2514.04,2516.24,15622.7159
2024-01-18T11:00:00,2516.25,2524.19,2515.25,2522.41,13135.2331
2024-01-18T12:00:00,2522.42,2522.86,2505.6,2512.7,14556.5275
2024-01-18T13:00:00,2512.7,2523.31,2503.77,2515.55,17890.1229
2024-01-18T14:00:00,2515.55,2533.95,2513.91,2533.74,15053.6669
2024-01-18T15:00:00,2533.73,2535.27,2523.8,2525.64,11161.1294
2024-01-18T16:00:00,2525.65,2526.15,2480.0,2488.29,42993.9328
2024-01-18T17:00:00,2488.29,2499.0,2467.17,2481.3,36463.3626
2024-01-18T18:00:00,2481.31,2485.38,2455.24,2463.59,29942.2815
2024-01-18T19:00:00,2463.6,2476.15,2430.0,2439.5,38254.0964
2024-01-18T20:00:00,2439.5,2462.28,2428.56,2446.45,32524.0886
2024-01-18T21:00:00,2446.44,2464.61,2442.15,2457.35,20546.109
2024-01-18T22:00:00,2457.36,2472.86,2455.37,2470.53,13271.4393
2024-01-18T23:00:00,2470.53,2471.32,2465.12,2470.81,8335.6817
2024-01-19T00:00:00,2470.81,2474.59,2461.93,2467.97,13073.9161
2024-01-19T01:00:00,2467.98,2468.77,2457.31,2463.15,11678.5391
2024-01-19T02:00:00,2463.16,2465.2,2451.32,2452.79,11318.2573
2024-01-19T03:00:00,2452.79,2462.98,2443.13,2460.4,20917.2216
2024-01-19T04:00:00,2460.4,2465.93,2456.63,2461.9,8781.757
2024-01-19T05:00:00,2461.91,2468.22,2459.33,2464.58,6886.659
2024-01-19T06:00:00,2464.58,2473.46,2462.22,2471.36,10565.9552
2024-01-19T07:00:00,2471.36,2474.82,2465.35,2465.51,13351.6823
2024-01-19T08:00:00,2465.5,2477.23,2460.44,2473.5,9702.3491
2024-01-19T09:00:00,2473.5,2483.87,2472.8,2482.4,11875.5636
2024-01-19T10:00:00,2482.41,2496.62,2481.58,2490.7,19616.7713
2024-01-19T11:00:00,2490.7,2493.4,2485.59,2488.97,8315.9778
2024-01-19T12:00:00,2488.98,2489.43,2481.23,2485.82,8795.4896
2024-01-19T13:00:00,2485.82,2497.17,2483.4,2497.16,10588.3338
2024-01-19T14:00:00,2497.16,2499.87,2470.0,2474.62,27108.1072
2024-01-19T15:00:00,2474.62,2481.75,2460.37,2462.98,28926.581
2024-01-19T16:00:00,2462.98,2467.87,2415.2,2428.41,61310.9978
2024-01-19T17:00:00,2428.4,2471.8,2416.67,2471.37,38036.3277
2024-01-19T18:00:00,2471.37,2504.0,2461.87,2496.17,40524.0312
2024-01-19T19:00:00,2496.17,2498.42,2481.41,2493.37,20938.2886
2024-01-19T20:00:00,2493.37,2504.2,2481.8,2484.6,18161.9103
2024-01-19T21:00:00,2484.59,2492.79,2481.0,2489.12,10125.446
2024-01-19T22:00:00,2489.13,2493.74,2483.6,2490.9,6025.6965
2024-01-19T23:00:00,2490.9,2497.96,2486.64,2492.0,7583.1438
2024-01-20T00:00:00,2491.99,2492.0,2475.0,2476.12,8256.215
2024-01-20T01:00:00,2476.11,2490.9,2475.3,2489.8,5921.789
2024-01-20T02:00:00,2489.8,2489.8,2481.29,2486.5,5003.4483
2024-01-20T03:00:00,2486.5,2486.75,2475.1,2481.22,8512.4086
2024-01-20T04:00:00,2481.22,2484.75,2478.21,2483.0,4204.7679
2024-01-20T05:00:00,2483.01,2484.22,2475.29,2477.54,5272.3637
2024-01-20T06:00:00,2477.54,2484.29,2477.02,2482.46,4032.609
2024-01-20T07:00:00,2482.47,2486.27,2478.2,2478.47,3945.5134
2024-01-20T08:00:00,2478.48,2480.07,2471.71,2474.63,7894.0218
2024-01-20T09:00:00,2474.62,2477.32,2463.31,2465.95,8418.5891
2024-01-20T10:00:00,2465.95,2474.51,2465.75,2470.53,5663.5878
2024-01-20T11:00:00,2470.54,2472.42,2465.26,2470.59,4295.3682
2024-01-20T12:00:00,2470.58,2475.91,2466.84,2467.9,5298.5256
2024-01-20T13:00:00,2467.9,2474.03,2467.15,2471.87,4600.8289
2024-01-20T14:00:00,2471.87,2472.62,2460.0,2466.65,7170.3325
2024-01-20T15:00:00,2466.65,2473.99,2458.33,2463.83,7421.1083
2024-01-20T16:00:00,2463.83,2467.81,2456.24,2458.72,7376.4015
2024-01-20T17:00:00,2458.71,2464.07,2457.08,2462.08,4787.3262
2024-01-20T18:00:00,2462.08,2462.59,2454.2,2457.83,5313.7841
2024-01-20T19:00:00,2457.83,2463.8,2457.72,2461.52,3445.272
2024-01-20T20:00:00,2461.52,2472.48,2460.2,2466.94,6313.2262
2024-01-20T21:00:00,2466.94,2472.79,2465.6,2465.61,4273.0199
2024-01-20T22:00:00,2465.6,2473.68,2465.6,2471.85,3969.8625
2024-01-20T23:00:00,2471.85,2474.88,2468.44,2472.01,5230.5882
2024-01-21T00:00:00,2472.02,2472.12,2465.0,2465.78,4991.0951
2024-01-21T01:00:00,2465.77,2472.97,2465.2,2469.53,4536.8237
2024-01-21T02:00:00,2469.53,2477.12,2469.41,2477.11,4577.5395
2024-01-21T03:00:00,2477.11,2481.0,2473.22,2475.42,5203.9893
2024-01-21T04:00:00,2475.43,2475.83,2472.42,2474.0,2211.8028
2024-01-21T05:00:00,2474.01,2475.74,2472.46,2473.18,3043.0265
2024-01-21T06:00:00,2473.17,2475.0,2468.89,2469.82,3596.5813
2024-01-21T07:00:00,2469.81,2476.07,2466.64,2476.06,4565.4246
2024-01-21T08:00:00,2476.06,2479.36,2472.38,2474.2,5273.3821
2024-01-21T09:00:00,2474.21,2477.51,2473.2,2477.42,3739.6343
2024-01-21T10:00:00,2477.41,2482.18,2476.02,2479.98,5127.4437
2024-01-21T11:00:00,2479.97,2481.19,2471.98,2473.65,5202.6591
2024-01-21T12:00:00,2473.65,2475.22,2471.27,2471.9,5597.4186
2024-01-21T13:00:00,2471.91,2480.8,2471.9,2479.36,7951.7266
2024-01-21T14:00:00,2479.36,2481.05,2475.0,2478.13,8647.0941
2024-01-21T15:00:00,2478.12,2480.74,2464.08,2468.01,8551.5874
2024-01-21T16:00:00,2468.01,2473.92,2464.16,2471.8,6804.964
2024-01-21T17:00:00,2471.81,2476.66,2471.37,2474.52,4534.7796
2024-01-21T18:00:00,2474.52,2478.49,2471.17,2474.31,3627.7906
2024-01-21T19:00:00,2474.31,2475.06,2470.73,2474.26,3106.6029
2024-01-21T20:00:00,2474.27,2475.4,2466.77,2467.3,4300.7095
2024-01-21T21:00:00,2467.3,2474.1,2465.51,2473.42,3129.9044
2024-01-21T22:00:00,2473.42,2473.72,2460.0,2462.18,5242.5242
2024-01-21T23:00:00,2462.18,2464.06,2452.13,2457.05,9007.6648
2024-01-22T00:00:00,2457.06,2464.49,2452.2,2462.12,7488.8059
2024-01-22T01:00:00,2462.12,2466.1,2435.47,2439.38,21340.5482
2024-01-22T02:00:00,2439.39,2446.44,2432.24,2436.25,10520.1876
2024-01-22T03:00:00,2436.24,2439.4,2424.0,2437.56,12446.6574
2024-01-22T04:00:00,2437.56,2438.69,2416.02,2416.61,27092.2625
2024-01-22T05:00:00,2416.6,2431.2,2402.5,2427.14,22071.6253
2024-01-22T06:00:00,2427.14,2436.16,2420.82,2430.17,12403.3142
2024-01-22T07:00:00,2430.17,2430.72,2417.94,2420.8,8261.2882
2024-01-22T08:00:00,2420.8,2420.8,2395.23,2411.07,28001.8925
2024-01-22T09:00:00,2411.07,2416.05,2385.0,2389.32,24961.6792
2024-01-22T10:00:00,2389.31,2392.8,2361.6,2381.35,41215.2771
2024-01-22T11:00:00,2381.35,2390.88,2376.46,2381.34,18283.2427
2024-01-22T12:00:00,2381.34,2383.68,2367.65,2377.35,19118.1955
2024-01-22T13:00:00,2377.36,2404.97,2376.9,2387.85,21580.5516
2024-01-22T14:00:00,2387.85,2391.17,2356.0,2370.57,29415.6673
2024-01-22T15:00:00,2370.56,2384.97,2353.61,2379.61,30455.3563
2024-01-22T16:00:00,2379.6,2385.08,2362.5,2366.04,17688.4886
2024-01-22T17:00:00,2366.04,2381.98,2358.35,2376.6,16406.6076
2024-01-22T18:00:00,2376.59,2381.62,2352.25,2366.81,21601.7377
2024-01-22T19:00:00,2366.8,2377.5,2305.27,2321.87,54718.1976
2024-01-22T20:00:00,2321.88,2351.53,2319.2,2340.49,28187.9836
2024-01-22T21:00:00,2340.48,2340.49,2323.65,2327.41,12407.4683
2024-01-22T22:00:00,2327.41,2335.48,2303.59,2320.62,18572.8138
2024-01-22T23:00:00,2320.61,2327.33,2308.53,2314.2,22097.8005
2024-01-23T00:00:00,2314.19,2330.45,2312.67,2326.36,19206.8934
2024-01-23T01:00:00,2326.35,2336.0,2324.03,2334.3,11234.136
2024-01-23T02:00:00,2334.31,2339.58,2329.29,2339.38,11835.4217
2024-01-23T03:00:00,2339.37,2342.95,2337.65,2339.16,8356.9227
2024-01-23T04:00:00,2339.16,2352.23,2339.16,2344.47,15770.309
2024-01-23T05:00:00,2344.47,2350.55,2343.7,2348.21,16083.2594
2024-01-23T06:00:00,2348.22,2350.7,2343.17,2345.75,6316.7945
2024-01-23T07:00:00,2345.75,2347.33,2316.12,2323.49,25931.6681
2024-01-23T08:00:00,2323.49,2326.83,2286.15,2294.06,36453.5906
2024-01-23T09:00:00,2294.06,2297.22,2213.18,2216.1,96431.7509
2024-01-23T10:00:00,2216.11,2240.88,2214.52,2223.35,37554.4649
2024-01-23T11:00:00,2223.35,2234.36,2203.11,2218.14,37279.7292
2024-01-23T12:00:00,2218.14,2227.06,2201.0,2224.84,43105.6796
2024-01-23T13:00:00,2224.83,2225.42,2200.0,2200.28,21356.1833
2024-01-23T14:00:00,2200.28,2200.28,2168.07,2195.26,74326.2385
2024-01-23T15:00:00,2195.26,2232.98,2195.05,2219.39,48001.186
2024-01-23T16:00:00,2219.39,2220.73,2191.8,2216.59,30303.1661
2024-01-23T17:00:00,2216.59,2232.01,2205.93,2208.3,36531.4136
2024-01-23T18:00:00,2208.3,2225.08,2189.4,2189.74,23908.801
2024-01-23T19:00:00,2189.74,2196.85,2181.0,2185.7,25604.6593
2024-01-23T20:00:00,2185.69,2203.06,2183.04,2198.93,20569.746
2024-01-23T21:00:00,2198.93,2206.25,2189.13,2203.19,12776.7905
2024-01-23T22:00:00,2203.19,2229.86,2202.61,2226.41,12734.8142
2024-01-23T23:00:00,2226.42,2248.21,2226.38,2242.6,28431.7129
2024-01-24T00:00:00,2242.6,2255.66,2232.0,2244.43,24558.1486
2024-01-24T01:00:00,2244.43,2244.74,2219.58,2222.93,32683.8136
2024-01-24T02:00:00,2222.92,2232.6,2221.16,2222.56,6716.9232
2024-01-24T03:00:00,2222.56,2225.28,2211.64,2213.45,10980.483
2024-01-24T04:00:00,2213.46,2221.29,2213.15,2214.18,6346.3553
2024-01-24T05:00:00,2214.18,2230.36,2214.17,2227.41,12473.3821
2024-01-24T06:00:00,2227.42,2233.6,2220.52,2232.7,10865.216
2024-01-24T07:00:00,2232.69,2244.98,2227.43,2234.51,12376.094
2024-01-24T08:00:00,2234.5,2240.68,2229.0,2236.19,9791.0718
2024-01-24T09:00:00,2236.19,2246.65,2233.9,2238.83,14065.7702
2024-01-24T10:00:00,2238.82,2264.6,2235.6,2256.2,18596.4004
2024-01-24T11:00:00,2256.19,2257.16,2238.81,2244.16,13432.767
2024-01-24T12:00:00,2244.16,2248.19,2232.59,2234.48,13972.4265
2024-01-24T13:00:00,2234.49,2239.0,2222.35,2228.19,16152.0517
2024-01-24T14:00:00,2228.19,2245.19,2218.3,2230.46,26707.7657
2024-01-24T15:00:00,2230.47,2240.33,2224.33,2234.88,15834.711
2024-01-24T16:00:00,2234.89,2244.52,2226.23,2241.8,14006.6006
2024-01-24T17:00:00,2241.79,2242.6,2231.57,2237.04,11440.4847
2024-01-24T18:00:00,2237.05,2237.38,2203.32,2216.96,25721.5547
2024-01-24T19:00:00,2216.96,2221.93,2206.05,2213.13,10926.578
2024-01-24T20:00:00,2213.13,2225.87,2196.12,2200.33,21832.9325
2024-01-24T21:00:00,2200.33,2217.3,2199.43,2217.29,12599.1911
2024-01-24T22:00:00,2217.3,2223.77,2213.42,2221.38,6613.6895
2024-01-24T23:00:00,2221.38,2239.8,2220.0,2235.02,11156.7384
2024-01-25T00:00:00,2235.02,2239.6,2228.04,2234.7,11548.6081
2024-01-25T01:00:00,2234.71,2235.39,2209.28,2213.32,12617.8618
2024-01-25T02:00:00,2213.32,2218.71,2206.32,2209.64,7334.1025
2024-01-25T03:00:00,2209.63,2221.01,2209.36,2216.88,6367.5691
2024-01-25T04:00:00,2216.88,2218.79,2209.24,2213.38,4900.1614
2024-01-25T05:00:00,2213.37,2213.38,2203.37,2210.77,8004.3043
2024-01-25T06:00:00,2210.76,2225.66,2209.59,2223.6,9506.1935
2024-01-25T07:00:00,2223.6,2227.71,2219.29,2227.64,6720.5685
2024-01-25T08:00:00,2227.64,2233.76,2220.57,2225.85,10115.2893
2024-01-25T09:00:00,2225.84,2231.08,2220.05,2222.35,9671.0058
2024-01-25T10:00:00,2222.35,2239.96,2216.75,2237.98,17253.0498
2024-01-25T11:00:00,2237.99,2242.89,2229.01,2231.59,14687.7819
2024-01-25T12:00:00,2231.59,2234.2,2205.06,2209.05,16637.2783
2024-01-25T13:00:00,2209.06,2211.69,2198.01,2205.69,16124.5306
2024-01-25T14:00:00,2205.69,2215.93,2201.17,2211.72,15429.1886
2024-01-25T15:00:00,2211.73,2213.5,2181.91,2188.0,29201.8968
2024-01-25T16:00:00,2188.0,2194.92,2182.7,2186.0,18380.3621
2024-01-25T17:00:00,2186.0,2203.38,2171.3,2203.28,30593.5702
2024-01-25T18:00:00,2203.27,2223.22,2203.27,2211.0,25442.7001
2024-01-25T19:00:00,2211.0,2224.55,2203.81,2218.21,15325.9473
2024-01-25T20:00:00,2218.22,2223.5,2212.23,2222.67,14742.7014
2024-01-25T21:00:00,2222.67,2231.65,2217.07,2219.49,16309.6629
2024-01-25T22:00:00,2219.49,2223.27,2213.66,2221.41,6705.9633
2024-01-25T23:00:00,2221.41,2224.6,2217.26,2218.64,6806.3085
2024-01-26T00:00:00,2218.64,2218.93,2211.12,2216.03,6442.6979
2024-01-26T01:00:00,2216.02,2226.47,2211.12,2223.77,9411.7711
2024-01-26T02:00:00,2223.78,2237.8,2223.63,2228.04,13017.1532
2024-01-26T03:00:00,2228.04,2230.74,2221.64,2223.42,6423.0269
2024-01-26T04:00:00,2223.41,2229.6,2222.47,2224.35,6445.1148
2024-01-26T05:00:00,2224.34,2225.58,2218.59,2221.02,7295.1034
2024-01-26T06:00:00,2221.01,2224.18,2211.0,2213.24,12290.8205
2024-01-26T07:00:00,2213.24,2214.72,2195.84,2197.47,20654.6992
2024-01-26T08:00:00,2197.46,2215.49,2195.99,2209.54,11508.4826
2024-01-26T09:00:00,2209.53,2224.59,2204.52,2206.21,15529.2449
2024-01-26T10:00:00,2206.21,2240.0,2205.78,2237.6,27868.1729
2024-01-26T11:00:00,2237.6,2260.66,2237.26,2254.02,39088.4237
2024-01-26T12:00:00,2254.02,2265.19,2244.11,2247.54,30090.9341
2024-01-26T13:00:00,2247.54,2251.77,2234.46,2240.89,14387.8414
2024-01-26T14:00:00,2240.9,2257.96,2240.0,2257.96,12488.2727
2024-01-26T15:00:00,2257.96,2259.63,2250.26,2257.9,14481.4085
2024-01-26T16:00:00,2257.89,2281.88,2257.03,2279.55,32408.9517
2024-01-26T17:00:00,2279.55,2282.36,2267.06,2268.97,19992.0531
2024-01-26T18:00:00,2268.96,2276.76,2263.63,2266.8,16826.2056
2024-01-26T19:00:00,2266.8,2267.09,2251.07,2258.51,14671.9075
2024-01-26T20:00:00,2258.51,2262.69,2252.49,2258.6,11646.591
2024-01-26T21:00:00,2258.6,2260.87,2253.0,2259.87,6455.0093
2024-01-26T22:00:00,2259.86,2272.0,2258.01,2268.01,6966.3637
2024-01-26T23:00:00,2268.01,2270.27,2263.99,2267.68,7176.1758
2024-01-27T00:00:00,2267.67,2280.31,2265.23,2280.18,12034.2632
2024-01-27T01:00:00,2280.17,2282.94,2268.05,2270.57,8146.6136
2024-01-27T02:00:00,2270.56,2275.57,2270.16,2274.7,3842.2851
2024-01-27T03:00:00,2274.7,2276.84,2271.75,2274.13,4997.8401
2024-01-27T04:00:00,2274.13,2276.56,2273.13,2274.75,3264.3581
2024-01-27T05:00:00,2274.75,2274.75,2261.15,2263.79,6513.6076
2024-01-27T06:00:00,2263.8,2267.19,2262.85,2264.07,5266.5168
2024-01-27T07:00:00,2264.07,2266.66,2253.41,2258.45,8519.6205
2024-01-27T08:00:00,2258.45,2260.4,2251.4,2253.95,8354.319
2024-01-27T09:00:00,2253.95,2268.2,2251.58,2265.99,7889.1785
2024-01-27T10:00:00,2266.0,2271.49,2262.76,2263.23,4996.469
2024-01-27T11:00:00,2263.23,2270.65,2261.44,2265.48,5011.6685
2024-01-27T12:00:00,2265.48,2270.5,2262.13,2263.47,4739.4634
2024-01-27T13:00:00,2263.47,2268.96,2262.45,2267.79,4355.5318
2024-01-27T14:00:00,2267.8,2275.1,2267.35,2269.29,6474.2596
2024-01-27T15:00:00,2269.29,2274.38,2267.42,2270.18,4505.7496
2024-01-27T16:00:00,2270.18,2273.79,2262.99,2264.08,8071.0368
2024-01-27T17:00:00,2264.08,2267.63,2261.35,2265.65,3818.6412
2024-01-27T18:00:00,2265.65,2271.2,2263.43,2266.82,3878.8719
2024-01-27T19:00:00,2266.82,2277.49,2266.81,2272.69,4602.5145
2024-01-27T20:00:00,2272.7,2275.69,2270.12,2271.44,3815.9817
2024-01-27T21:00:00,2271.43,2275.0,2267.4,2272.73,7213.142
2024-01-27T22:00:00,2272.73,2273.34,2264.4,2266.46,7739.4231
2024-01-27T23:00:00,2266.45,2268.75,2261.47,2267.94,7058.028
2024-01-28T00:00:00,2267.94,2268.58,2263.0,2267.27,6472.4293
2024-01-28T01:00:00,2267.27,2288.88,2267.27,2278.83,14472.9416
2024-01-28T02:00:00,2278.82,2284.2,2276.31,2279.21,6167.5987
2024-01-28T03:00:00,2279.21,2289.0,2278.74,2287.17,6489.0722
2024-01-28T04:00:00,2287.17,2304.93,2284.8,2303.58,15008.4728
2024-01-28T05:00:00,2303.59,2308.24,2286.91,2290.81,11076.8594
2024-01-28T06:00:00,2290.8,2291.57,2283.49,2287.69,7447.6842
2024-01-28T07:00:00,2287.7,2293.59,2281.81,2282.92,8438.8
2024-01-28T08:00:00,2282.91,2291.01,2277.87,2286.05,8747.9967
2024-01-28T09:00:00,2286.05,2301.41,2284.57,2294.86,11464.9569
2024-01-28T10:00:00,2294.87,2295.99,2288.28,2293.52,7543.7098
2024-01-28T11:00:00,2293.51,2294.25,2276.97,2281.08,10706.7281
2024-01-28T12:00:00,2281.08,2282.33,2268.65,2276.78,11220.6925
2024-01-28T13:00:00,2276.78,2281.59,2271.3,2279.07,6059.012
2024-01-28T14:00:00,2279.06,2286.08,2263.65,2267.86,10493.153
2024-01-28T15:00:00,2267.86,2275.34,2261.91,2270.17,8814.4323
2024-01-28T16:00:00,2270.17,2276.0,2267.02,2274.45,4808.682
2024-01-28T17:00:00,2274.44,2274.45,2262.29,2269.27,7344.1531
2024-01-28T18:00:00,2269.28,2270.52,2257.0,2261.15,8480.4789
2024-01-28T19:00:00,2261.15,2266.18,2245.03,2253.89,10562.7093
2024-01-28T20:00:00,2253.88,2263.21,2249.21,2261.84,7072.7663
2024-01-28T21:00:00,2261.85,2266.41,2258.46,2263.5,3636.6178
2024-01-28T22:00:00,2263.5,2263.92,2239.89,2249.39,9519.5012
2024-01-28T23:00:00,2249.39,2259.99,2245.54,2256.9,7277.4606
2024-01-29T00:00:00,2256.9,2261.64,2250.57,2257.16,8368.3346
2024-01-29T01:00:00,2257.16,2274.23,2256.88,2264.45,9667.777
2024-01-29T02:00:00,2264.46,2271.51,2263.2,2268.77,5317.8364
2024-01-29T03:00:00,2268.77,2278.19,2268.76,2272.11,8889.9623
2024-01-29T04:00:00,2272.11,2274.23,2266.58,2268.5,5794.2673
2024-01-29T05:00:00,2268.5,2270.22,2263.64,2264.61,6120.5665
2024-01-29T06:00:00,2264.6,2270.33,2264.24,2267.23,6473.7029
2024-01-29T07:00:00,2267.22,2271.16,2258.28,2259.4,7867.019
2024-01-29T08:00:00,2259.39,2264.93,2253.98,2263.49,8147.3853
2024-01-29T09:00:00,2263.49,2273.76,2255.28,2273.76,10277.6521
2024-01-29T10:00:00,2273.76,2277.0,2269.66,2275.58,8719.7193
2024-01-29T11:00:00,2275.58,2276.39,2261.39,2264.17,8335.9154
2024-01-29T12:00:00,2264.17,2269.31,2255.05,2256.0,10024.4449
2024-01-29T13:00:00,2256.0,2256.4,2238.88,2244.42,20438.7653
2024-01-29T14:00:00,2244.42,2252.2,2233.8,2244.09,13892.7124
2024-01-29T15:00:00,2244.09,2275.93,2239.45,2275.8,20997.7753
2024-01-29T16:00:00,2275.81,2302.43,2265.54,2299.49,44620.3564
2024-01-29T17:00:00,2299.49,2315.45,2295.94,2302.59,33403.8926
2024-01-29T18:00:00,2302.59,2312.94,2295.15,2300.13,15572.4488
2024-01-29T19:00:00,2300.14,2305.01,2292.14,2293.46,10807.2792
2024-01-29T20:00:00,2293.46,2304.48,2292.21,2302.86,8658.1212
2024-01-29T21:00:00,2302.86,2311.74,2301.0,2306.32,11419.7769
2024-01-29T22:00:00,2306.31,2322.34,2305.95,2311.43,12214.006
2024-01-29T23:00:00,2311.43,2317.92,2310.0,2317.6,9498.3605
2024-01-30T00:00:00,2317.61,2318.36,2304.7,2305.07,8271.3567
2024-01-30T01:00:00,2305.06,2324.99,2304.0,2314.71,15647.9355
2024-01-30T02:00:00,2314.71,2327.97,2314.7,2317.83,12639.8536
2024-01-30T03:00:00,2317.82,2320.0,2310.6,2311.4,11223.8476
2024-01-30T04:00:00,2311.4,2314.69,2308.39,2311.65,7862.7257
2024-01-30T05:00:00,2311.65,2313.6,2304.41,2304.89,6737.7797
2024-01-30T06:00:00,2304.9,2309.0,2301.0,2304.1,9428.1542
2024-01-30T07:00:00,2304.1,2314.0,2302.82,2309.29,9393.8887
2024-01-30T08:00:00,2309.3,2312.94,2302.82,2308.32,7064.8736
2024-01-30T09:00:00,2308.31,2309.05,2303.57,2304.39,7337.3771
2024-01-30T10:00:00,2304.4,2316.34,2303.02,2314.96,8855.4258
2024-01-30T11:00:00,2314.95,2318.22,2311.11,2314.01,8270.8828
2024-01-30T12:00:00,2314.0,2332.85,2299.05,2306.71,43716.5637
2024-01-30T13:00:00,2306.7,2313.79,2297.0,2305.73,13544.8693
2024-01-30T14:00:00,2305.72,2315.57,2298.8,2313.29,13079.8143
2024-01-30T15:00:00,2313.3,2347.55,2303.33,2340.91,35509.2532
2024-01-30T16:00:00,2340.91,2369.48,2335.73,2369.25,45735.5983
2024-01-30T17:00:00,2369.25,2379.79,2364.26,2370.3,30084.7898
2024-01-30T18:00:00,2370.3,2381.0,2364.42,2376.73,17567.5748
2024-01-30T19:00:00,2376.73,2378.28,2369.28,2374.93,8733.8163
2024-01-30T20:00:00,2374.93,2385.0,2373.53,2373.72,12721.5143
2024-01-30T21:00:00,2373.73,2391.98,2370.0,2380.03,10896.9865
2024-01-30T22:00:00,2380.02,2381.79,2364.75,2364.96,7418.0901
2024-01-30T23:00:00,2364.96,2367.93,2337.06,2343.01,21136.6075
2024-01-31T00:00:00,2343.0,2351.6,2331.79,2340.43,19716.5778
2024-01-31T01:00:00,2340.44,2346.46,2327.54,2332.46,12716.0253
2024-01-31T02:00:00,2332.47,2339.25,2327.27,2338.69,13120.1594
2024-01-31T03:00:00,2338.68,2344.02,2338.46,2342.91,7356.0072
2024-01-31T04:00:00,2342.9,2344.55,2336.18,2341.95,10738.3804
2024-01-31T05:00:00,2341.94,2344.26,2334.37,2338.74,8347.3689
2024-01-31T06:00:00,2338.74,2341.56,2330.8,2331.91,7113.917
2024-01-31T07:00:00,2331.92,2342.12,2330.0,2340.84,6882.6904
2024-01-31T08:00:00,2340.84,2343.52,2335.45,2339.08,8002.6683
2024-01-31T09:00:00,2339.08,2339.09,2309.19,2311.2,22082.9386
2024-01-31T10:00:00,2311.2,2313.72,2281.6,2284.0,31483.0586
2024-01-31T11:00:00,2284.01,2300.45,2280.77,2300.18,19376.8607
2024-01-31T12:00:00,2300.18,2307.48,2296.89,2304.56,12556.3259
2024-01-31T13:00:00,2304.57,2318.14,2298.69,2312.87,14985.2243
2024-01-31T14:00:00,2312.87,2314.6,2298.44,2307.4,16809.5184
2024-01-31T15:00:00,2307.4,2333.0,2291.69,2329.42,30993.0268
2024-01-31T16:00:00,2329.42,2347.18,2324.99,2345.91,23706.1655
2024-01-31T17:00:00,2345.92,2350.3,2337.72,2347.27,17837.887
2024-01-31T18:00:00,2347.28,2348.05,2330.07,2335.63,18814.1123
2024-01-31T19:00:00,2335.63,2342.26,2309.51,2323.38,24021.4883
2024-01-31T20:00:00,2323.39,2324.67,2286.11,2287.98,27445.8322
2024-01-31T21:00:00,2287.98,2292.37,2263.57,2279.0,23011.2819
2024-01-31T22:00:00,2278.99,2287.94,2269.03,2285.75,10362.1665
2024-01-31T23:00:00,2285.75,2288.91,2281.88,2283.14,9636.5042
2024-02-01T00:00:00,2283.15,2289.6,2272.19,2283.59,11095.2307
2024-02-01T01:00:00,2283.6,2284.3,2240.0,2245.19,32855.7491
2024-02-01T02:00:00,2245.19,2260.5,2242.99,2260.5,13893.8266
2024-02-01T03:00:00,2260.49,2263.17,2256.25,2257.21,10254.354
2024-02-01T04:00:00,2257.2,2267.59,2251.91,2262.77,12842.205
2024-02-01T05:00:00,2262.77,2268.87,2262.0,2268.8,7882.3581
2024-02-01T06:00:00,2268.81,2274.5,2268.36,2274.5,18058.5725
2024-02-01T07:00:00,2274.49,2277.78,2271.6,2271.96,9895.5508
2024-02-01T08:00:00,2271.95,2273.44,2266.4,2272.41,8897.5893
2024-02-01T09:00:00,2272.4,2275.85,2265.2,2267.84,8325.9949
2024-02-01T10:00:00,2267.85,2278.12,2266.12,2267.91,8897.5897
2024-02-01T11:00:00,2267.91,2272.92,2265.4,2266.66,7741.3858
2024-02-01T12:00:00,2266.67,2274.62,2263.2,2270.83,11089.1782
2024-02-01T13:00:00,2270.83,2277.54,2263.59,2272.09,12710.8786
2024-02-01T14:00:00,2272.08,2300.45,2270.15,2297.12,24229.8194
2024-02-01T15:00:00,2297.13,2308.45,2287.89,2288.88,23064.2286
2024-02-01T16:00:00,2288.89,2293.59,2267.54,2292.07,18999.5234
2024-02-01T17:00:00,2292.07,2311.72,2291.25,2304.71,21878.4762
2024-02-01T18:00:00,2304.7,2307.99,2293.07,2295.94,11310.4255
2024-02-01T19:00:00,2295.93,2309.49,2291.75,2304.79,9162.2689
2024-02-01T20:00:00,2304.79,2307.0,2296.2,2299.46,6648.299
2024-02-01T21:00:00,2299.46,2309.78,2297.06,2304.36,8624.9891
2024-02-01T22:00:00,2304.35,2304.62,2287.0,2297.05,6196.8443
2024-02-01T23:00:00,2297.04,2304.85,2294.75,2304.28,6442.1161
2024-02-02T00:00:00,2304.28,2320.48,2300.7,2310.92,13001.6074
2024-02-02T01:00:00,2310.93,2317.76,2306.42,2306.61,7202.2726
2024-02-02T02:00:00,2306.62,2307.82,2298.54,2302.32,8348.4748
2024-02-02T03:00:00,2302.32,2305.2,2301.1,2301.66,5214.7969
2024-02-02T04:00:00,2301.66,2305.0,2296.87,2298.34,7204.5097
2024-02-02T05:00:00,2298.35,2307.23,2296.87,2305.17,7630.8136
2024-02-02T06:00:00,2305.18,2314.6,2304.23,2310.46,9160.7714
2024-02-02T07:00:00,2310.46,2319.81,2308.4,2313.73,16608.7268
2024-02-02T08:00:00,2313.73,2314.95,2306.0,2310.54,7891.3066
2024-02-02T09:00:00,2310.54,2313.8,2307.49,2309.89,6133.6481
2024-02-02T10:00:00,2309.89,2312.82,2305.01,2311.85,9298.5833
2024-02-02T11:00:00,2311.86,2319.37,2309.63,2318.36,7641.1711
2024-02-02T12:00:00,2318.36,2324.74,2313.96,2314.79,11879.9095
2024-02-02T13:00:00,2314.79,2316.03,2289.04,2292.02,22920.0328
2024-02-02T14:00:00,2292.02,2298.25,2281.94,2292.4,13694.3
2024-02-02T15:00:00,2292.41,2317.58,2291.2,2313.99,19609.8824
2024-02-02T16:00:00,2314.0,2323.88,2301.29,2306.06,17203.5751
2024-02-02T17:00:00,2306.07,2311.83,2290.0,2292.92,11550.461
2024-02-02T18:00:00,2292.93,2296.62,2286.69,2294.83,9712.0139
2024-02-02T19:00:00,2294.84,2301.61,2293.23,2301.41,7949.936
2024-02-02T20:00:00,2301.42,2303.6,2295.05,2297.77,5705.3281
2024-02-02T21:00:00,2297.77,2301.93,2296.66,2296.67,3427.9601
2024-02-02T22:00:00,2296.66,2310.0,2296.33,2308.89,4579.6414
2024-02-02T23:00:00,2308.89,2309.91,2305.33,2309.06,4660.7884
2024-02-03T00:00:00,2309.07,2321.21,2306.75,2313.81,11724.3926
2024-02-03T01:00:00,2313.8,2329.98,2313.8,2325.91,10709.8798
2024-02-03T02:00:00,2325.9,2327.25,2319.21,2322.79,5817.2223
2024-02-03T03:00:00,2322.8,2326.55,2320.68,2321.45,4790.6824
2024-02-03T04:00:00,2321.45,2325.28,2320.56,2321.39,3080.7291
2024-02-03T05:00:00,2321.39,2325.1,2320.8,2324.2,3849.3569
2024-02-03T06:00:00,2324.21,2324.21,2317.04,2321.11,4767.5209
2024-02-03T07:00:00,2321.12,2321.54,2313.46,2314.39,4361.1431
2024-02-03T08:00:00,2314.38,2316.24,2307.0,2308.31,4085.2539
2024-02-03T09:00:00,2308.3,2316.39,2308.3,2315.12,3393.9487
2024-02-03T10:00:00,2315.11,2315.12,2310.8,2314.12,4332.8931
2024-02-03T11:00:00,2314.12,2314.13,2300.24,2303.89,7495.571
2024-02-03T12:00:00,2303.88,2307.35,2302.17,2305.12,5584.8023
2024-02-03T13:00:00,2305.11,2308.26,2303.31,2307.36,3465.589
2024-02-03T14:00:00,2307.36,2307.37,2301.33,2302.01,4707.9769
2024-02-03T15:00:00,2302.0,2309.65,2292.75,2303.64,9438.6621
2024-02-03T16:00:00,2303.65,2313.88,2303.31,2305.78,10754.6334
2024-02-03T17:00:00,2305.79,2312.2,2304.55,2309.0,4794.6979
2024-02-03T18:00:00,2308.99,2309.05,2297.03,2298.76,7360.2149
2024-02-03T19:00:00,2298.76,2303.46,2297.0,2303.46,3570.2374
2024-02-03T20:00:00,2303.45,2305.69,2300.13,2302.8,3666.5815
2024-02-03T21:00:00,2302.8,2305.38,2297.2,2300.56,3372.6699
2024-02-03T22:00:00,2300.55,2301.83,2297.33,2298.4,2619.7416
2024-02-03T23:00:00,2298.4,2301.14,2293.83,2296.49,5488.4443
2024-02-04T00:00:00,2296.5,2299.39,2291.0,2299.39,6418.7072
2024-02-04T01:00:00,2299.38,2306.43,2296.27,2305.08,4796.6013
2024-02-04T02:00:00,2305.09,2306.53,2302.98,2303.5,2295.3327
2024-02-04T03:00:00,2303.49,2305.38,2302.77,2302.96,1978.2417
2024-02-04T04:00:00,2302.97,2303.36,2294.14,2297.33,4237.7392
2024-02-04T05:00:00,2297.33,2303.61,2296.88,2300.03,4005.9385
2024-02-04T06:00:00,2300.03,2302.81,2287.0,2287.5,8704.8235
2024-02-04T07:00:00,2287.49,2293.19,2287.0,2290.78,5594.842
2024-02-04T08:00:00,2290.79,2293.17,2289.8,2290.2,3724.1581
2024-02-04T09:00:00,2290.2,2305.47,2286.71,2303.39,7920.9454
2024-02-04T10:00:00,2303.39,2304.74,2297.6,2300.73,4017.9869
2024-02-04T11:00:00,2300.73,2309.99,2299.62,2305.62,5372.4808
2024-02-04T12:00:00,2305.62,2309.66,2303.36,2303.36,5279.753
2024-02-04T13:00:00,2303.37,2307.03,2302.85,2304.38,3364.9282
2024-02-04T14:00:00,2304.38,2307.8,2297.46,2299.23,7617.6249
2024-02-04T15:00:00,2299.24,2305.25,2297.48,2301.68,6792.7407
2024-02-04T16:00:00,2301.67,2303.59,2299.01,2303.58,5024.7812
2024-02-04T17:00:00,2303.59,2308.13,2298.26,2306.49,7579.2189
2024-02-04T18:00:00,2306.5,2308.48,2293.57,2294.45,7159.784
2024-02-04T19:00:00,2294.45,2295.58,2266.0,2279.65,22165.0799
2024-02-04T20:00:00,2279.64,2311.0,2273.73,2303.71,17575.1911
2024-02-04T21:00:00,2303.72,2309.84,2300.28,2300.48,9078.9986
2024-02-04T22:00:00,2300.47,2302.8,2275.83,2288.16,12959.1988
2024-02-04T23:00:00,2288.16,2291.36,2283.7,2289.79,7566.9478
2024-02-05T00:00:00,2289.79,2294.3,2279.17,2280.5,9851.0878
2024-02-05T01:00:00,2280.5,2284.09,2269.11,2282.8,10147.1203
2024-02-05T02:00:00,2282.8,2283.1,2277.42,2281.28,4142.8692
2024-02-05T03:00:00,2281.27,2297.77,2281.26,2296.27,6749.7924
2024-02-05T04:00:00,2296.28,2299.4,2291.8,2295.0,6219.8427
2024-02-05T05:00:00,2295.0,2295.47,2289.45,2295.46,3712.1484
2024-02-05T06:00:00,2295.47,2302.0,2294.0,2301.23,5723.2403
2024-02-05T07:00:00,2301.22,2312.32,2298.44,2310.17,13697.7903
2024-02-05T08:00:00,2310.18,2325.08,2310.17,2322.41,18034.908
2024-02-05T09:00:00,2322.41,2325.33,2314.65,2320.81,9654.094
2024-02-05T10:00:00,2320.8,2332.9,2320.8,2322.85,13345.5834
2024-02-05T11:00:00,2322.85,2329.98,2322.28,2329.62,6923.0321
2024-02-05T12:00:00,2329.63,2331.56,2323.21,2325.53,9761.7229
2024-02-05T13:00:00,2325.53,2338.41,2323.0,2330.45,12684.6592
2024-02-05T14:00:00,2330.45,2333.92,2317.29,2319.03,11351.5498
2024-02-05T15:00:00,2319.03,2319.03,2294.21,2298.71,19545.6365
2024-02-05T16:00:00,2298.72,2302.54,2291.0,2301.54,17766.75
2024-02-05T17:00:00,2301.55,2307.51,2297.22,2302.36,6040.2729
2024-02-05T18:00:00,2302.36,2304.97,2294.63,2301.19,6892.034
2024-02-05T19:00:00,2301.19,2312.56,2300.52,2304.48,9465.2089
2024-02-05T20:00:00,2304.49,2305.99,2283.63,2294.62,14746.8026
2024-02-05T21:00:00,2294.63,2295.71,2286.02,2289.09,7452.3481
2024-02-05T22:00:00,2289.1,2296.0,2286.24,2294.63,6752.7665
2024-02-05T23:00:00,2294.63,2302.16,2291.64,2301.83,5949.1517
2024-02-06T00:00:00,2301.84,2302.81,2299.0,2302.81,5316.4647
2024-02-06T01:00:00,2302.81,2312.34,2300.73,2307.69,6479.1402
2024-02-06T02:00:00,2307.68,2329.78,2306.34,2324.29,13603.5168
2024-02-06T03:00:00,2324.3,2328.61,2313.39,2316.85,11132.2322
2024-02-06T04:00:00,2316.85,2319.39,2312.59,2314.37,9280.6941
2024-02-06T05:00:00,2314.38,2315.43,2308.19,2314.02,9052.7177
2024-02-06T06:00:00,2314.02,2317.35,2309.29,2317.1,10167.2568
2024-02-06T07:00:00,2317.1,2327.86,2311.08,2327.16,16487.4142
2024-02-06T08:00:00,2327.16,2339.0,2323.3,2336.7,28139.5159
2024-02-06T09:00:00,2336.69,2337.94,2328.1,2334.45,13561.7656
2024-02-06T10:00:00,2334.44,2344.0,2316.9,2326.46,21064.1243
2024-02-06T11:00:00,2326.45,2330.47,2318.16,2325.49,10932.7067
2024-02-06T12:00:00,2325.49,2332.08,2311.9,2325.97,16819.6809
2024-02-06T13:00:00,2325.97,2349.0,2319.44,2337.62,26393.5531
2024-02-06T14:00:00,2337.63,2347.5,2331.8,2338.47,18145.9683
2024-02-06T15:00:00,2338.47,2346.8,2331.03,2343.74,17881.445
2024-02-06T16:00:00,2343.73,2362.31,2340.37,2346.94,28159.1627
2024-02-06T17:00:00,2346.94,2365.42,2345.1,2353.84,17506.623
2024-02-06T18:00:00,2353.84,2365.25,2349.06,2363.95,12511.3685
2024-02-06T19:00:00,2363.95,2379.95,2360.04,2379.12,16914.3845
2024-02-06T20:00:00,2379.13,2392.4,2376.04,2380.29,23420.5857
2024-02-06T21:00:00,2380.3,2386.42,2375.31,2380.74,12972.4716
2024-02-06T22:00:00,2380.74,2385.06,2376.31,2381.75,13277.247
2024-02-06T23:00:00,2381.75,2384.19,2371.91,2372.64,9722.7103
2024-02-07T00:00:00,2372.63,2390.66,2372.2,2380.08,14050.442
2024-02-07T01:00:00,2380.08,2388.27,2375.52,2376.18,9639.8506
2024-02-07T02:00:00,2376.17,2380.6,2374.3,2376.06,6735.3766
2024-02-07T03:00:00,2376.07,2377.26,2363.0,2364.75,10891.3772
2024-02-07T04:00:00,2364.75,2368.76,2357.73,2360.74,13563.0887
2024-02-07T05:00:00,2360.74,2367.8,2357.06,2365.61,6782.8914
2024-02-07T06:00:00,2365.61,2366.32,2360.1,2364.09,7234.1604
2024-02-07T07:00:00,2364.09,2368.41,2360.44,2362.92,6186.9306
2024-02-07T08:00:00,2362.91,2365.45,2356.94,2363.25,10160.5082
2024-02-07T09:00:00,2363.26,2377.42,2361.42,2371.61,9173.1951
2024-02-07T10:00:00,2371.6,2372.11,2354.0,2355.73,9986.1305
2024-02-07T11:00:00,2355.72,2362.56,2354.64,2361.66,9806.4272
2024-02-07T12:00:00,2361.67,2373.89,2361.0,2373.34,9119.338
2024-02-07T13:00:00,2373.34,2376.64,2365.86,2372.83,14295.9304
2024-02-07T14:00:00,2372.83,2385.45,2362.6,2365.89,22425.9134
2024-02-07T15:00:00,2365.89,2376.51,2361.57,2369.66,13655.9583
2024-02-07T16:00:00,2369.66,2400.0,2368.85,2398.24,23474.8528
2024-02-07T17:00:00,2398.24,2424.34,2396.41,2410.26,46060.3814
2024-02-07T18:00:00,2410.25,2418.96,2406.26,2418.18,15753.7126
2024-02-07T19:00:00,2418.18,2425.46,2413.32,2419.96,16137.2512
2024-02-07T20:00:00,2419.97,2444.44,2419.96,2439.38,32265.2799
2024-02-07T21:00:00,2439.39,2439.8,2425.73,2430.17,16980.0108
2024-02-07T22:00:00,2430.17,2432.0,2422.23,2425.55,10726.1628
2024-02-07T23:00:00,2425.55,2429.89,2422.77,2425.1,7686.5312
2024-02-08T00:00:00,2425.09,2438.0,2423.94,2435.06,16363.4939
2024-02-08T01:00:00,2435.06,2443.8,2430.38,2441.89,15627.8921
2024-02-08T02:00:00,2441.89,2444.39,2430.54,2434.74,13737.8848
2024-02-08T03:00:00,2434.73,2436.81,2432.55,2433.48,7932.453
2024-02-08T04:00:00,2433.48,2435.32,2426.0,2427.3,6664.818
2024-02-08T05:00:00,2427.3,2428.62,2422.08,2423.11,9021.6044
2024-02-08T06:00:00,2423.11,2423.53,2419.36,2419.94,7565.3715
2024-02-08T07:00:00,2419.95,2425.6,2411.01,2421.21,14285.1482
2024-02-08T08:00:00,2421.2,2427.85,2421.2,2424.4,8990.4302
2024-02-08T09:00:00,2424.4,2426.91,2420.62,2424.24,7166.5781
2024-02-08T10:00:00,2424.24,2429.58,2421.3,2422.99,8503.0107
2024-02-08T11:00:00,2422.99,2426.09,2416.06,2425.3,11975.138
2024-02-08T12:00:00,2425.29,2429.48,2417.21,2422.04,7925.1997
2024-02-08T13:00:00,2422.04,2425.05,2416.63,2425.05,12716.8627
2024-02-08T14:00:00,2425.05,2443.96,2420.0,2438.0,31224.877
2024-02-08T15:00:00,2438.0,2463.15,2428.79,2453.88,43927.1563
2024-02-08T16:00:00,2453.88,2455.69,2413.44,2424.6,35360.2913
2024-02-08T17:00:00,2424.6,2437.0,2418.11,2424.74,20976.0726
2024-02-08T18:00:00,2424.74,2432.88,2421.32,2430.78,11856.6947
2024-02-08T19:00:00,2430.78,2432.58,2421.31,2421.53,9833.8015
2024-02-08T20:00:00,2421.54,2434.23,2421.12,2427.81,14043.4527
2024-02-08T21:00:00,2427.81,2429.52,2422.23,2425.75,8014.0791
2024-02-08T22:00:00,2425.75,2431.44,2423.68,2424.28,6242.4626
2024-02-08T23:00:00,2424.28,2428.59,2418.49,2419.55,8085.2808
2024-02-09T00:00:00,2419.56,2424.89,2419.16,2423.76,8229.528
2024-02-09T01:00:00,2423.76,2428.46,2422.08,2425.17,9782.4743
2024-02-09T02:00:00,2425.18,2458.6,2423.72,2457.51,23873.6142
2024-02-09T03:00:00,2457.5,2466.0,2442.58,2448.67,19764.214
2024-02-09T04:00:00,2448.67,2456.89,2442.54,2446.21,9923.6898
2024-02-09T05:00:00,2446.21,2454.96,2440.19,2453.7,16672.7615
2024-02-09T06:00:00,2453.7,2454.04,2446.35,2448.87,7915.1125
2024-02-09T07:00:00,2448.86,2463.99,2448.24,2453.61,17015.514
2024-02-09T08:00:00,2453.6,2477.0,2453.37,2476.01,18438.6886
2024-02-09T09:00:00,2476.02,2479.88,2466.44,2466.89,15557.1469
2024-02-09T10:00:00,2466.9,2474.6,2462.01,2474.59,17069.7751
2024-02-09T11:00:00,2474.59,2507.4,2466.4,2503.2,42016.3867
2024-02-09T12:00:00,2503.19,2525.0,2498.56,2514.64,42264.0952
2024-02-09T13:00:00,2514.64,2521.35,2510.57,2513.27,21742.4329
2024-02-09T14:00:00,2513.27,2519.66,2481.47,2494.51,50546.2326
2024-02-09T15:00:00,2494.51,2501.46,2476.57,2495.33,31964.6794
2024-02-09T16:00:00,2495.33,2502.72,2478.07,2486.77,20726.945
2024-02-09T17:00:00,2486.77,2500.87,2484.66,2497.19,18580.8317
2024-02-09T18:00:00,2497.19,2523.66,2493.87,2501.45,40141.6727
2024-02-09T19:00:00,2501.45,2502.4,2481.68,2485.96,17283.2392
2024-02-09T20:00:00,2485.96,2495.7,2485.95,2489.86,12479.4642
2024-02-09T21:00:00,2489.85,2506.64,2483.89,2502.82,10505.5282
2024-02-09T22:00:00,2502.81,2505.79,2487.11,2495.22,10968.5503
2024-02-09T23:00:00,2495.22,2498.6,2485.14,2486.56,8921.808
2024-02-10T00:00:00,2486.56,2496.3,2484.48,2485.93,8045.4302
2024-02-10T01:00:00,2485.94,2505.0,2483.09,2498.27,8320.6156
2024-02-10T02:00:00,2498.27,2506.48,2496.56,2506.0,6617.5871
2024-02-10T03:00:00,2506.0,2514.8,2505.99,2512.21,6715.8416
2024-02-10T04:00:00,2512.21,2516.0,2506.24,2506.28,5151.3553
2024-02-10T05:00:00,2506.27,2507.85,2500.64,2504.23,4791.7503
2024-02-10T06:00:00,2504.24,2507.5,2503.61,2504.5,5967.2646
2024-02-10T07:00:00,2504.5,2506.9,2494.49,2495.21,6842.6749
2024-02-10T08:00:00,2495.21,2498.74,2485.2,2485.29,10074.6632
2024-02-10T09:00:00,2485.29,2494.5,2485.28,2487.53,7774.8556
2024-02-10T10:00:00,2487.54,2491.94,2471.57,2474.31,11833.3847
2024-02-10T11:00:00,2474.31,2483.11,2473.53,2483.1,9770.9019
2024-02-10T12:00:00,2483.11,2492.0,2480.76,2487.91,6552.6672
2024-02-10T13:00:00,2487.9,2492.77,2481.0,2490.07,7502.7777
2024-02-10T14:00:00,2490.07,2496.97,2488.4,2492.97,8189.1452
2024-02-10T15:00:00,2492.97,2496.6,2488.8,2490.45,6290.7207
2024-02-10T16:00:00,2490.45,2494.22,2487.38,2491.26,5678.8382
2024-02-10T17:00:00,2491.26,2492.4,2483.72,2484.43,5743.5214
2024-02-10T18:00:00,2484.42,2493.14,2483.4,2490.81,4905.2554
2024-02-10T19:00:00,2490.81,2497.51,2489.06,2497.51,5430.8691
2024-02-10T20:00:00,2497.51,2511.6,2493.23,2506.21,11458.7445
2024-02-10T21:00:00,2506.21,2516.45,2506.2,2511.0,12901.7959
2024-02-10T22:00:00,2511.0,2511.41,2492.21,2495.99,10957.6726
2024-02-10T23:00:00,2495.99,2506.06,2494.7,2500.24,7581.2571
2024-02-11T00:00:00,2500.24,2504.58,2493.8,2504.08,6507.4001
2024-02-11T01:00:00,2504.07,2514.74,2502.9,2507.2,10221.5376
2024-02-11T02:00:00,2507.2,2512.15,2504.14,2505.78,6040.6157
2024-02-11T03:00:00,2505.77,2529.02,2504.06,2529.02,22913.44
2024-02-11T04:00:00,2529.02,2537.58,2514.76,2517.46,16232.6884
2024-02-11T05:00:00,2517.47,2525.8,2517.03,2523.33,10440.0271
2024-02-11T06:00:00,2523.33,2534.15,2522.03,2530.49,7472.0943
2024-02-11T07:00:00,2530.49,2532.8,2522.52,2527.52,7461.7857
2024-02-11T08:00:00,2527.53,2539.63,2522.91,2524.76,11501.6152
2024-02-11T09:00:00,2524.76,2529.0,2521.31,2523.18,7061.2411
2024-02-11T10:00:00,2523.18,2524.09,2511.79,2521.85,9022.9235
2024-02-11T11:00:00,2521.86,2531.63,2520.38,2531.28,7887.0025
2024-02-11T12:00:00,2531.29,2532.31,2522.0,2522.22,7625.2658
2024-02-11T13:00:00,2522.22,2524.34,2509.6,2510.69,10794.1661
2024-02-11T14:00:00,2510.7,2515.0,2505.0,2514.26,10448.9563
2024-02-11T15:00:00,2514.27,2514.27,2505.47,2508.94,7843.2493
2024-02-11T16:00:00,2508.94,2512.31,2501.41,2508.42,8989.0819
2024-02-11T17:00:00,2508.42,2520.58,2508.27,2511.16,8916.7857
2024-02-11T18:00:00,2511.16,2512.9,2496.8,2506.97,10178.4323
2024-02-11T19:00:00,2506.98,2510.75,2505.14,2507.73,5408.1461
2024-02-11T20:00:00,2507.74,2514.31,2493.45,2497.43,9420.2565
2024-02-11T21:00:00,2497.43,2504.79,2496.66,2504.0,6280.3993
2024-02-11T22:00:00,2504.0,2507.59,2499.75,2500.38,5553.7435
2024-02-11T23:00:00,2500.38,2507.4,2498.0,2507.21,5754.2931
2024-02-12T00:00:00,2507.22,2525.0,2505.06,2514.99,13829.3165
2024-02-12T01:00:00,2514.99,2515.95,2506.0,2515.08,8551.8768
2024-02-12T02:00:00,2515.08,2518.0,2493.01,2503.08,12843.0338
2024-02-12T03:00:00,2503.08,2504.65,2497.17,2500.12,7133.9914
2024-02-12T04:00:00,2500.13,2501.34,2493.99,2494.76,4443.3762
2024-02-12T05:00:00,2494.77,2500.31,2493.99,2494.27,3633.2703
2024-02-12T06:00:00,2494.26,2498.4,2481.05,2494.01,11985.9487
2024-02-12T07:00:00,2494.0,2504.34,2491.45,2501.71,8917.7123
2024-02-12T08:00:00,2501.7,2505.5,2489.33,2490.0,7555.6333
2024-02-12T09:00:00,2490.01,2490.58,2472.0,2477.05,12603.7846
2024-02-12T10:00:00,2477.06,2485.0,2472.6,2480.57,8824.9376
2024-02-12T11:00:00,2480.56,2488.52,2476.8,2488.16,8644.2306
2024-02-12T12:00:00,2488.16,2489.55,2481.08,2489.12,7478.4048
2024-02-12T13:00:00,2489.13,2489.13,2483.07,2487.35,5320.4993
2024-02-12T14:00:00,2487.36,2529.8,2486.5,2528.2,29741.844
2024-02-12T15:00:00,2528.19,2563.17,2521.0,2557.87,60783.2017
2024-02-12T16:00:00,2557.87,2559.98,2536.63,2552.88,29747.332
2024-02-12T17:00:00,2552.89,2616.39,2550.9,2608.93,70222.3578
2024-02-12T18:00:00,2608.94,2633.64,2603.07,2621.85,35380.854
2024-02-12T19:00:00,2621.86,2638.91,2608.61,2610.25,23867.8268
2024-02-12T20:00:00,2610.25,2647.67,2610.24,2641.7,22664.1547
2024-02-12T21:00:00,2641.71,2652.32,2628.69,2631.55,19600.9464
2024-02-12T22:00:00,2631.55,2665.58,2631.55,2655.07,16005.531
2024-02-12T23:00:00,2655.07,2664.21,2646.31,2659.99,19721.7114
2024-02-13T00:00:00,2659.99,2686.0,2659.99,2668.26,31923.467
2024-02-13T01:00:00,2668.25,2681.03,2664.2,2677.61,13288.0389
2024-02-13T02:00:00,2677.61,2681.43,2653.51,2654.81,17083.4271
2024-02-13T03:00:00,2654.8,2657.6,2635.96,2640.47,16339.1373
2024-02-13T04:00:00,2640.46,2651.22,2638.0,2646.69,8655.7327
2024-02-13T05:00:00,2646.69,2653.52,2643.02,2651.88,14435.2713
2024-02-13T06:00:00,2651.88,2654.38,2645.06,2647.06,8960.9827
2024-02-13T07:00:00,2647.06,2651.99,2640.8,2648.64,13923.5046
2024-02-13T08:00:00,2648.64,2664.67,2647.07,2663.51,13891.9587
2024-02-13T09:00:00,2663.51,2682.04,2657.03,2677.39,16335.0393
2024-02-13T10:00:00,2677.39,2679.98,2664.29,2668.22,21789.2634
2024-02-13T11:00:00,2668.23,2686.06,2658.0,2681.75,20796.9977
2024-02-13T12:00:00,2681.75,2686.12,2666.76,2674.81,15821.6384
2024-02-13T13:00:00,2674.81,2677.8,2611.0,2643.61,49883.1713
2024-02-13T14:00:00,2643.61,2654.66,2590.0,2633.26,74440.7723
2024-02-13T15:00:00,2633.25,2643.26,2608.52,2630.99,36683.0202
2024-02-13T16:00:00,2631.0,2640.29,2601.0,2602.74,28244.9476
2024-02-13T17:00:00,2602.74,2619.98,2592.37,2619.65,25231.9387
2024-02-13T18:00:00,2619.65,2635.67,2618.0,2630.16,16154.8393
2024-02-13T19:00:00,2630.16,2635.05,2610.0,2611.42,12664.0787
2024-02-13T20:00:00,2611.42,2631.76,2610.8,2627.65,17527.6866
2024-02-13T21:00:00,2627.65,2648.6,2627.0,2631.54,11783.5382
2024-02-13T22:00:00,2631.55,2637.02,2615.02,2635.88,9946.4957
2024-02-13T23:00:00,2635.87,2642.34,2627.39,2639.99,6642.7973
2024-02-14T00:00:00,2639.99,2641.16,2623.03,2630.6,10469.2634
2024-02-14T01:00:00,2630.6,2635.68,2620.45,2622.42,7614.8379
2024-02-14T02:00:00,2622.43,2634.41,2618.4,2633.68,7834.4772
2024-02-14T03:00:00,2633.68,2644.0,2633.2,2636.88,9194.5323
2024-02-14T04:00:00,2636.89,2640.37,2620.76,2626.52,9384.6811
2024-02-14T05:00:00,2626.51,2642.78,2626.51,2641.17,6934.7126
2024-02-14T06:00:00,2641.18,2649.64,2639.64,2645.2,7684.0833
2024-02-14T07:00:00,2645.2,2654.53,2645.2,2653.05,8028.4254
2024-02-14T08:00:00,2653.04,2711.0,2647.58,2707.21,38501.595
2024-02-14T09:00:00,2707.21,2750.0,2706.27,2746.48,79498.0942
2024-02-14T10:00:00,2746.49,2760.0,2739.21,2753.32,30397.6259
2024-02-14T11:00:00,2753.32,2757.96,2738.01,2755.87,22011.0769
2024-02-14T12:00:00,2755.86,2759.32,2732.64,2739.58,21352.2825
2024-02-14T13:00:00,2739.58,2772.28,2738.62,2764.92,31341.018
2024-02-14T14:00:00,2764.91,2771.69,2752.96,2758.67,27180.0779
2024-02-14T15:00:00,2758.67,2760.46,2730.32,2749.4,29002.0778
2024-02-14T16:00:00,2749.4,2749.99,2728.51,2738.69,16287.3948
2024-02-14T17:00:00,2738.7,2748.95,2733.8,2741.25,12629.4908
2024-02-14T18:00:00,2741.25,2751.12,2726.54,2749.62,17146.9042
2024-02-14T19:00:00,2749.63,2766.5,2740.27,2761.8,25380.9788
2024-02-14T20:00:00,2761.8,2767.0,2754.89,2764.26,12004.1322
2024-02-14T21:00:00,2764.26,2786.0,2755.79,2778.4,12804.033
2024-02-14T22:00:00,2778.39,2782.81,2763.66,2772.02,8513.2052
2024-02-14T23:00:00,2772.03,2783.5,2767.79,2774.81,10475.694
2024-02-15T00:00:00,2774.8,2825.75,2771.61,2817.94,35626.1264
2024-02-15T01:00:00,2817.95,2817.95,2771.71,2778.15,31088.817
2024-02-15T02:00:00,2778.15,2797.31,2776.71,2786.71,16248.1637
2024-02-15T03:00:00,2786.7,2803.71,2785.98,2801.39,13521.1976
2024-02-15T04:00:00,2801.39,2802.33,2783.6,2796.37,14870.505
2024-02-15T05:00:00,2796.36,2797.0,2759.25,2771.07,14992.6226
2024-02-15T06:00:00,2771.07,2782.56,2768.66,2777.77,12730.5548
2024-02-15T07:00:00,2777.77,2785.18,2761.32,2772.33,11335.4811
2024-02-15T08:00:00,2772.32,2784.8,2768.34,2781.13,10815.5826
2024-02-15T09:00:00,2781.13,2794.35,2779.62,2789.86,11916.5653
2024-02-15T10:00:00,2789.87,2801.97,2786.67,2799.8,12287.865
2024-02-15T11:00:00,2799.81,2801.6,2784.09,2793.21,12926.4618
2024-02-15T12:00:00,2793.22,2803.87,2775.91,2797.49,18364.7276
2024-02-15T13:00:00,2797.48,2814.89,2790.0,2810.52,22923.8464
2024-02-15T14:00:00,2810.52,2857.8,2799.54,2852.59,61780.4464
2024-02-15T15:00:00,2852.59,2867.65,2813.21,2826.27,51745.089
2024-02-15T16:00:00,2826.27,2841.44,2802.49,2829.61,30723.8368
2024-02-15T17:00:00,2829.61,2836.58,2813.63,2814.99,16463.8871
2024-02-15T18:00:00,2814.99,2831.99,2808.28,2824.58,12156.7429
2024-02-15T19:00:00,2824.58,2838.59,2810.27,2834.13,13408.4521
2024-02-15T20:00:00,2834.13,2842.5,2814.02,2828.59,13300.3518
2024-02-15T21:00:00,2828.59,2845.59,2786.2,2794.05,21296.2871
2024-02-15T22:00:00,2794.05,2821.73,2791.82,2813.41,13038.239
2024-02-15T23:00:00,2813.42,2825.0,2810.51,2822.59,8127.3383
2024-02-16T00:00:00,2822.58,2842.59,2820.35,2838.12,12055.2648
2024-02-16T01:00:00,2838.12,2857.4,2836.78,2842.79,17970.4588
2024-02-16T02:00:00,2842.79,2849.76,2836.16,2846.96,10355.5371
2024-02-16T03:00:00,2846.97,2856.55,2840.0,2846.18,14529.8516
2024-02-16T04:00:00,2846.18,2851.05,2835.8,2838.05,9202.5285
2024-02-16T05:00:00,2838.04,2847.24,2835.61,2842.0,7463.2467
2024-02-16T06:00:00,2842.0,2852.4,2830.22,2833.0,11441.005
2024-02-16T07:00:00,2833.0,2835.3,2811.75,2815.05,19635.4608
2024-02-16T08:00:00,2815.05,2827.19,2813.18,2816.1,16008.4872
2024-02-16T09:00:00,2816.1,2817.11,2794.31,2809.37,18538.6081
2024-02-16T10:00:00,2809.38,2828.04,2804.74,2827.89,13254.6811
2024-02-16T11:00:00,2827.88,2835.4,2819.18,2823.59,13763.9373
2024-02-16T12:00:00,2823.6,2847.22,2818.81,2844.2,13780.4539
2024-02-16T13:00:00,2844.21,2847.17,2825.05,2840.16,17104.2115
2024-02-16T14:00:00,2840.15,2843.96,2783.09,2797.6,36879.5663
2024-02-16T15:00:00,2797.59,2797.6,2740.0,2776.01,55501.6281
2024-02-16T16:00:00,2776.01,2807.39,2772.6,2785.22,24900.3287
2024-02-16T17:00:00,2785.21,2791.13,2766.03,2777.4,19993.2837
2024-02-16T18:00:00,2777.39,2782.51,2765.0,2781.11,9977.6361
2024-02-16T19:00:00,2781.11,2785.45,2756.75,2762.91,8707.7899
2024-02-16T20:00:00,2762.92,2781.74,2758.45,2781.65,7687.9696
2024-02-16T21:00:00,2781.65,2792.21,2774.63,2790.68,6049.4208
2024-02-16T22:00:00,2790.69,2790.92,2785.0,2789.04,4020.1675
2024-02-16T23:00:00,2789.03,2810.0,2786.83,2801.8,9249.2806
2024-02-17T00:00:00,2801.81,2804.21,2795.91,2796.15,5376.4801
2024-02-17T01:00:00,2796.15,2797.36,2777.64,2786.73,8638.1948
2024-02-17T02:00:00,2786.72,2794.46,2785.55,2788.8,6361.7718
2024-02-17T03:00:00,2788.79,2794.38,2785.45,2793.4,5138.6604
2024-02-17T04:00:00,2793.39,2796.6,2788.46,2793.32,5404.8881
2024-02-17T05:00:00,2793.32,2794.8,2778.99,2785.15,7968.7676
2024-02-17T06:00:00,2785.15,2790.0,2783.0,2787.09,4549.5112
2024-02-17T07:00:00,2787.09,2798.51,2786.0,2795.57,9164.9293
2024-02-17T08:00:00,2795.56,2795.57,2772.0,2774.99,15254.3717
2024-02-17T09:00:00,2774.99,2780.0,2768.06,2775.37,8276.7818
2024-02-17T10:00:00,2775.38,2780.17,2765.22,2780.0,10963.1948
2024-02-17T11:00:00,2780.01,2785.37,2778.2,2780.57,6084.3969
2024-02-17T12:00:00,2780.58,2786.96,2773.44,2782.98,6938.44
2024-02-17T13:00:00,2782.99,2783.2,2741.69,2743.6,29970.1059
2024-02-17T14:00:00,2743.6,2754.73,2719.01,2739.99,30612.2989
2024-02-17T15:00:00,2739.99,2756.78,2731.01,2754.33,15458.9865
2024-02-17T16:00:00,2754.33,2758.57,2742.73,2755.32,8978.4682
2024-02-17T17:00:00,2755.33,2771.43,2755.32,2768.48,14013.7191
2024-02-17T18:00:00,2768.48,2771.88,2765.09,2769.31,7427.699
2024-02-17T19:00:00,2769.31,2776.74,2767.74,2774.31,6066.2787
2024-02-17T20:00:00,2774.32,2780.26,2771.49,2779.33,5422.0609
2024-02-17T21:00:00,2779.33,2801.16,2775.0,2786.12,12617.5159
2024-02-17T22:00:00,2786.12,2790.61,2780.0,2785.53,7527.5504
2024-02-17T23:00:00,2785.54,2788.62,2780.53,2785.93,5087.8039
2024-02-18T00:00:00,2785.92,2791.67,2778.29,2788.47,7374.7501
2024-02-18T01:00:00,2788.46,2797.4,2776.39,2779.66,12051.7433
2024-02-18T02:00:00,2779.66,2781.48,2764.25,2771.62,26616.6029
2024-02-18T03:00:00,2771.62,2782.4,2768.8,2781.68,6585.9697
2024-02-18T04:00:00,2781.69,2799.0,2781.68,2796.6,15196.3224
2024-02-18T05:00:00,2796.6,2804.82,2794.71,2802.89,13735.7024
2024-02-18T06:00:00,2802.88,2806.99,2778.9,2787.57,14301.996
2024-02-18T07:00:00,2787.56,2806.0,2782.82,2801.0,11701.9487
2024-02-18T08:00:00,2801.0,2805.85,2796.66,2805.5,9351.6831
2024-02-18T09:00:00,2805.51,2822.51,2805.27,2819.79,20638.7749
2024-02-18T10:00:00,2819.78,2822.93,2805.26,2810.0,8620.3435
2024-02-18T11:00:00,2810.01,2810.29,2798.01,2803.4,9796.4005
2024-02-18T12:00:00,2803.4,2807.99,2790.49,2792.41,10569.5612
2024-02-18T13:00:00,2792.41,2797.84,2785.89,2787.22,9074.0728
2024-02-18T14:00:00,2787.21,2813.2,2787.21,2809.86,18441.2585
2024-02-18T15:00:00,2809.85,2810.0,2801.11,2807.49,12164.5836
2024-02-18T16:00:00,2807.49,2807.96,2794.33,2805.31,10125.2328
2024-02-18T17:00:00,2805.32,2822.13,2805.0,2812.01,15300.5927
2024-02-18T18:00:00,2812.0,2835.25,2806.99,2834.44,16557.4685
2024-02-18T19:00:00,2834.44,2844.5,2822.29,2827.86,14730.6184
2024-02-18T20:00:00,2827.86,2832.91,2817.09,2827.51,10356.6383
2024-02-18T21:00:00,2827.51,2847.49,2823.21,2847.11,10586.9727
2024-02-18T22:00:00,2847.12,2895.0,2844.26,2880.0,52644.0791
2024-02-18T23:00:00,2879.99,2892.03,2865.93,2881.2,31464.5672
2024-02-19T00:00:00,2881.2,2893.0,2864.97,2871.76,14492.644
2024-02-19T01:00:00,2871.75,2872.59,2856.93,2867.32,11630.1148
2024-02-19T02:00:00,2867.32,2889.6,2867.31,2882.8,16196.6897
2024-02-19T03:00:00,2882.8,2889.36,2876.05,2886.78,11983.4337
2024-02-19T04:00:00,2886.79,2902.82,2880.84,2896.22,17589.808
2024-02-19T05:00:00,2896.21,2911.2,2882.89,2907.01,19519.5475
2024-02-19T06:00:00,2907.01,2931.0,2905.15,2921.66,33125.5689
2024-02-19T07:00:00,2921.65,2930.0,2918.11,2926.38,13634.9562
2024-02-19T08:00:00,2926.38,2928.36,2902.26,2906.7,17743.9762
2024-02-19T09:00:00,2906.69,2920.72,2905.07,2907.87,14551.7888
2024-02-19T10:00:00,2907.87,2918.26,2892.25,2911.0,18293.5423
2024-02-19T11:00:00,2911.0,2916.6,2905.57,2913.2,10338.6997
2024-02-19T12:00:00,2913.2,2919.4,2905.57,2906.1,10794.2892
2024-02-19T13:00:00,2906.11,2912.63,2892.72,2894.06,17912.6654
2024-02-19T14:00:00,2894.06,2907.25,2886.03,2900.78,15893.9561
2024-02-19T15:00:00,2900.79,2919.79,2898.46,2908.93,15918.35
2024-02-19T16:00:00,2908.93,2936.91,2890.03,2897.41,31184.8967
2024-02-19T17:00:00,2897.42,2944.44,2887.29,2942.55,33417.2727
2024-02-19T18:00:00,2942.56,2953.84,2929.44,2932.65,21893.4973
2024-02-19T19:00:00,2932.65,2936.81,2920.03,2934.03,20882.2646
2024-02-19T20:00:00,2934.04,2941.97,2927.0,2934.18,10284.8077
2024-02-19T21:00:00,2934.17,2968.99,2932.61,2967.83,21380.8642
2024-02-19T22:00:00,2967.84,2984.52,2960.0,2961.51,26218.1702
2024-02-19T23:00:00,2961.52,2963.43,2934.88,2944.8,21569.2362
2024-02-20T00:00:00,2944.8,2955.56,2929.18,2934.99,21847.9403
2024-02-20T01:00:00,2934.99,2944.7,2903.31,2921.6,26775.098
2024-02-20T02:00:00,2921.6,2930.02,2915.01,2926.81,11403.6013
2024-02-20T03:00:00,2926.81,2930.89,2905.73,2907.0,11023.6244
2024-02-20T04:00:00,2907.0,2926.62,2902.38,2924.42,13238.3251
2024-02-20T05:00:00,2924.42,2935.2,2922.61,2928.1,10453.5409
2024-02-20T06:00:00,2928.1,2935.38,2926.0,2930.8,6710.8871
2024-02-20T07:00:00,2930.8,2931.72,2915.9,2921.78,12801.4309
2024-02-20T08:00:00,2921.78,2923.95,2904.36,2916.51,13960.456
2024-02-20T09:00:00,2916.51,2920.99,2874.56,2900.43,34318.2175
2024-02-20T10:00:00,2900.44,2923.6,2900.25,2919.61,23071.4046
2024-02-20T11:00:00,2919.61,2941.0,2919.6,2935.31,20456.0839
2024-02-20T12:00:00,2935.3,2954.45,2930.8,2930.8,24730.6192
2024-02-20T13:00:00,2930.81,3002.3,2926.84,2997.61,80818.3981
2024-02-20T14:00:00,2997.61,3004.6,2918.16,2939.01,78285.3557
2024-02-20T15:00:00,2939.0,2940.34,2900.0,2925.09,47671.3384
2024-02-20T16:00:00,2925.08,2934.54,2893.96,2897.15,25332.3577
2024-02-20T17:00:00,2897.15,2918.65,2885.47,2917.3,31056.1592
2024-02-20T18:00:00,2917.29,2931.39,2908.41,2930.59,20041.2354
2024-02-20T19:00:00,2930.59,2987.0,2927.1,2985.98,33120.6765
2024-02-20T20:00:00,2985.98,2988.08,2966.23,2977.45,23131.5083
2024-02-20T21:00:00,2977.46,2994.87,2970.0,2988.03,17376.6394
2024-02-20T22:00:00,2988.02,3001.78,2983.34,2995.05,15999.86
2024-02-20T23:00:00,2995.05,3033.09,2994.64,3014.81,31056.9892
2024-02-21T00:00:00,3014.81,3017.15,2998.7,3003.52,12347.9631
2024-02-21T01:00:00,3003.53,3004.82,2988.6,3000.45,13365.361
2024-02-21T02:00:00,3000.45,3013.19,2992.41,3010.1,18543.1183
2024-02-21T03:00:00,3010.11,3011.09,3000.41,3005.14,16365.4586
2024-02-21T04:00:00,3005.15,3010.0,2986.59,2997.55,25364.6104
2024-02-21T05:00:00,2997.55,3008.97,2972.77,2976.28,19156.293
2024-02-21T06:00:00,2976.27,2980.4,2945.22,2951.06,22375.4107
2024-02-21T07:00:00,2951.05,2951.06,2921.9,2940.54,26434.0327
2024-02-21T08:00:00,2940.54,2956.84,2934.6,2941.43,23966.8357
2024-02-21T09:00:00,2941.53,2941.63,2887.23,2900.2,45470.0812
2024-02-21T10:00:00,2900.2,2925.0,2888.45,2916.17,28122.0641
2024-02-21T11:00:00,2916.16,2926.36,2888.0,2899.1,22011.0465
2024-02-21T12:00:00,2899.11,2925.6,2880.0,2921.2,32176.0676
2024-02-21T13:00:00,2921.2,2928.31,2885.47,2907.64,30157.753
2024-02-21T14:00:00,2907.64,2911.35,2868.0,2892.23,45433.7735
2024-02-21T15:00:00,2892.22,2921.76,2878.19,2914.81,41547.1331
2024-02-21T16:00:00,2914.81,2938.0,2899.98,2931.47,34135.6047
2024-02-21T17:00:00,2931.46,2935.0,2895.32,2898.05,23899.4291
2024-02-21T18:00:00,2898.05,2908.52,2886.0,2900.29,17030.0627
2024-02-21T19:00:00,2900.3,2915.0,2890.0,2913.0,17079.7982
2024-02-21T20:00:00,2912.99,2916.85,2897.46,2906.18,16566.7877
2024-02-21T21:00:00,2906.19,2928.0,2899.84,2927.99,26370.5551
2024-02-21T22:00:00,2927.98,2936.75,2913.2,2934.2,10973.5895
2024-02-21T23:00:00,2934.19,2980.0,2932.26,2967.9,27062.1738
2024-02-22T00:00:00,2967.91,2968.59,2938.01,2940.98,17432.6592
2024-02-22T01:00:00,2940.99,2950.17,2906.51,2910.23,21908.2329
2024-02-22T02:00:00,2910.23,2927.35,2909.67,2920.41,13682.2123
2024-02-22T03:00:00,2920.4,2941.19,2917.0,2935.51,13637.4792
2024-02-22T04:00:00,2935.52,2940.4,2920.98,2926.89,15364.3806
2024-02-22T05:00:00,2926.88,2945.21,2926.88,2933.8,29081.7202
2024-02-22T06:00:00,2933.81,2963.99,2931.3,2960.33,20085.3632
2024-02-22T07:00:00,2960.33,2998.0,2955.75,2993.79,43189.0481
2024-02-22T08:00:00,2993.79,3022.96,2987.65,3020.77,49127.4507
2024-02-22T09:00:00,3020.77,3032.86,2998.6,3023.65,31040.0797
2024-02-22T10:00:00,3023.65,3024.0,2989.02,2996.8,19435.6915
2024-02-22T11:00:00,2996.8,2997.31,2971.0,2990.8,22127.5583
2024-02-22T12:00:00,2990.8,3005.0,2971.0,2982.11,23434.5245
2024-02-22T13:00:00,2982.11,2984.11,2929.39,2944.68,42341.1492
2024-02-22T14:00:00,2944.68,2969.69,2939.5,2966.01,23861.9051
2024-02-22T15:00:00,2966.02,2998.6,2961.44,2986.95,27453.768
2024-02-22T16:00:00,2986.95,2989.4,2960.93,2970.0,20074.1869
2024-02-22T17:00:00,2970.0,2989.86,2969.99,2984.79,12754.6994
2024-02-22T18:00:00,2984.8,3002.8,2975.75,2993.41,20743.469
2024-02-22T19:00:00,2993.41,2995.44,2979.5,2987.96,10058.6569
2024-02-22T20:00:00,2987.96,3036.02,2980.63,3013.01,35944.7353
2024-02-22T21:00:00,3013.02,3014.06,2972.6,2985.16,16384.0296
2024-02-22T22:00:00,2985.16,2992.68,2969.35,2987.89,17814.3179
2024-02-22T23:00:00,2987.89,2991.81,2969.37,2971.4,16548.6759
2024-02-23T00:00:00,2971.4,2993.8,2970.2,2989.69,10011.6672
2024-02-23T01:00:00,2989.7,2993.44,2975.24,2979.41,9955.7339
2024-02-23T02:00:00,2979.41,2991.47,2936.0,2945.09,29127.2186
2024-02-23T03:00:00,2945.09,2956.96,2932.81,2955.95,20639.0228
2024-02-23T04:00:00,2955.95,2962.0,2947.51,2952.59,14020.5746
2024-02-23T05:00:00,2952.6,2962.0,2948.91,2959.4,12191.1057
2024-02-23T06:00:00,2959.41,2967.89,2956.91,2964.73,8566.2529
2024-02-23T07:00:00,2964.73,2964.83,2923.26,2933.62,29753.4445
2024-02-23T08:00:00,2933.61,2946.47,2913.3,2924.15,27377.6609
2024-02-23T09:00:00,2924.15,2939.46,2916.92,2939.01,15446.5069
2024-02-23T10:00:00,2939.02,2946.24,2932.4,2941.66,12655.4149
2024-02-23T11:00:00,2941.66,2948.65,2936.66,2943.63,12423.307
2024-02-23T12:00:00,2943.63,2944.35,2924.32,2928.61,13279.6993
2024-02-23T13:00:00,2928.62,2943.9,2927.27,2942.69,12933.088
2024-02-23T14:00:00,2942.7,2962.77,2926.9,2949.11,39663.9064
2024-02-23T15:00:00,2949.11,2950.0,2913.26,2916.07,36523.9496
2024-02-23T16:00:00,2916.06,2938.79,2906.05,2934.35,38045.662
2024-02-23T17:00:00,2934.35,2947.42,2930.65,2945.72,13920.3695
2024-02-23T18:00:00,2945.72,2949.8,2933.43,2945.33,11652.235
2024-02-23T19:00:00,2945.33,2951.7,2938.87,2945.99,9721.1829
2024-02-23T20:00:00,2946.0,2953.98,2938.41,2951.4,9217.978
2024-02-23T21:00:00,2951.41,2953.69,2941.03,2943.2,6835.0726
2024-02-23T22:00:00,2943.21,2947.61,2920.08,2922.91,22865.8121
2024-02-23T23:00:00,2922.91,2930.38,2906.87,2922.24,11999.7134
2024-02-24T00:00:00,2922.25,2937.31,2917.17,2933.71,8507.2192
2024-02-24T01:00:00,2933.72,2933.99,2906.4,2909.79,10359.3545
2024-02-24T02:00:00,2909.8,2924.44,2909.27,2924.0,6958.1476
2024-02-24T03:00:00,2924.0,2934.5,2918.51,2930.19,7693.5231
2024-02-24T04:00:00,2930.2,2954.97,2929.5,2946.99,34040.2729
2024-02-24T05:00:00,2947.0,2952.89,2943.2,2948.77,12035.1909
2024-02-24T06:00:00,2948.77,2952.09,2945.2,2948.18,5452.5828
2024-02-24T07:00:00,2948.19,2965.55,2945.48,2964.07,15406.9409
2024-02-24T08:00:00,2964.07,2965.38,2948.21,2950.76,8617.3319
2024-02-24T09:00:00,2950.75,2962.56,2950.03,2959.28,6898.7077
2024-02-24T10:00:00,2959.29,2966.53,2955.6,2959.08,6679.5813
2024-02-24T11:00:00,2959.08,2964.34,2951.91,2961.53,6966.9308
2024-02-24T12:00:00,2961.53,2962.49,2953.95,2957.31,5986.7375
2024-02-24T13:00:00,2957.3,2967.69,2954.57,2966.68,6867.1959
2024-02-24T14:00:00,2966.68,2968.9,2953.43,2960.53,9479.8803
2024-02-24T15:00:00,2960.54,2961.8,2954.49,2955.47,4838.8877
2024-02-24T16:00:00,2955.47,2965.46,2955.47,2963.15,5595.479
2024-02-24T17:00:00,2963.14,3007.48,2962.73,2993.81,32400.1539
2024-02-24T18:00:00,2993.81,3004.2,2978.41,2981.85,14600.7391
2024-02-24T19:00:00,2981.85,2991.29,2979.02,2987.1,7027.1589
2024-02-24T20:00:00,2987.1,2990.14,2979.04,2988.34,9415.5431
2024-02-24T21:00:00,2988.34,2992.35,2980.42,2985.45,6416.5636
2024-02-24T22:00:00,2985.45,2995.9,2985.23,2988.37,4487.4879
2024-02-24T23:00:00,2988.37,2992.74,2983.9,2992.62,7122.4678
2024-02-25T00:00:00,2992.62,2996.61,2983.61,2994.71,8093.1682
2024-02-25T01:00:00,2994.71,3017.81,2987.69,3017.08,15333.7591
2024-02-25T02:00:00,3017.08,3049.0,3012.73,3031.0,36626.5412
2024-02-25T03:00:00,3031.01,3031.01,3010.4,3025.17,15162.0961
2024-02-25T04:00:00,3025.18,3025.98,3012.68,3022.72,8904.0312
2024-02-25T05:00:00,3022.73,3036.88,3018.19,3033.36,18020.3172
2024-02-25T06:00:00,3033.36,3048.0,3028.88,3035.2,25196.0172
2024-02-25T07:00:00,3035.21,3038.21,3028.01,3029.99,9070.4027
2024-02-25T08:00:00,3030.0,3040.0,3014.87,3018.59,15021.0311
2024-02-25T09:00:00,3018.59,3023.44,3010.49,3020.28,11785.3496
2024-02-25T10:00:00,3020.29,3031.01,3020.06,3025.59,17606.9968
2024-02-25T11:00:00,3025.59,3040.93,3023.44,3040.36,10914.633
2024-02-25T12:00:00,3040.36,3045.49,3025.84,3043.49,12614.9554
2024-02-25T13:00:00,3043.5,3049.69,3030.0,3038.0,12166.394
2024-02-25T14:00:00,3037.99,3074.03,3036.0,3067.6,31033.3945
2024-02-25T15:00:00,3067.6,3070.78,3036.23,3043.62,20417.2451
2024-02-25T16:00:00,3043.61,3053.0,3027.88,3040.23,18132.4743
2024-02-25T17:00:00,3040.23,3067.0,3040.23,3062.51,12674.8608
2024-02-25T18:00:00,3062.51,3066.86,3051.16,3065.55,10164.0958
2024-02-25T19:00:00,3065.55,3088.0,3061.12,3081.6,20635.7717
2024-02-25T20:00:00,3081.6,3122.0,3081.42,3098.6,41883.0009
2024-02-25T21:00:00,3098.61,3112.16,3087.0,3109.42,16029.812
2024-02-25T22:00:00,3109.43,3113.62,3098.0,3102.4,11731.7776
2024-02-25T23:00:00,3102.4,3115.2,3099.0,3112.59,13088.0982
2024-02-26T00:00:00,3112.6,3135.65,3102.51,3115.63,21970.7983
2024-02-26T01:00:00,3115.64,3122.68,3103.58,3107.41,13029.957
2024-02-26T02:00:00,3107.42,3110.23,3090.54,3093.77,15244.1737
2024-02-26T03:00:00,3093.77,3108.45,3085.81,3107.8,15418.8123
2024-02-26T04:00:00,3107.81,3108.49,3096.8,3103.39,10952.2907
2024-02-26T05:00:00,3103.39,3110.71,3096.26,3106.59,9788.2107
2024-02-26T06:00:00,3106.59,3115.4,3099.34,3113.29,16151.1055
2024-02-26T07:00:00,3113.29,3113.7,3086.1,3087.19,11785.2096
2024-02-26T08:00:00,3087.19,3102.84,3086.59,3092.66,10283.4146
2024-02-26T09:00:00,3092.66,3094.7,3036.59,3040.7,66122.5928
2024-02-26T10:00:00,3040.71,3073.55,3040.16,3056.26,26670.1162
2024-02-26T11:00:00,3056.26,3065.0,3045.79,3057.42,16398.0674
2024-02-26T12:00:00,3057.41,3065.0,3038.0,3063.47,16350.0893
2024-02-26T13:00:00,3063.47,3077.56,3057.6,3061.09,18680.5048
2024-02-26T14:00:00,3061.08,3105.84,3060.0,3103.52,24866.3962
2024-02-26T15:00:00,3103.52,3145.95,3098.95,3145.6,50266.5993
2024-02-26T16:00:00,3145.59,3166.62,3134.85,3153.57,56055.2773
2024-02-26T17:00:00,3153.56,3162.66,3120.0,3149.26,21936.4784
2024-02-26T18:00:00,3149.25,3153.94,3130.0,3136.05,20764.6061
2024-02-26T19:00:00,3136.05,3182.98,3127.57,3179.12,39259.5426
2024-02-26T20:00:00,3179.11,3196.0,3166.12,3182.02,30871.6687
2024-02-26T21:00:00,3182.02,3190.62,3175.0,3184.97,11410.26
2024-02-26T22:00:00,3184.97,3190.35,3165.51,3184.98,13289.4152
2024-02-26T23:00:00,3184.99,3184.99,3169.1,3175.94,9157.188
2024-02-27T00:00:00,3175.95,3179.01,3160.02,3167.61,17093.1455
2024-02-27T01:00:00,3167.61,3230.0,3165.8,3221.62,44945.3512
2024-02-27T02:00:00,3221.61,3270.0,3212.43,3239.94,73313.5583
2024-02-27T03:00:00,3239.95,3252.33,3205.27,3216.56,34791.5404
2024-02-27T04:00:00,3216.55,3229.08,3202.37,3211.63,30488.038
2024-02-27T05:00:00,3211.62,3221.6,3207.47,3221.49,17449.7256
2024-02-27T06:00:00,3221.5,3239.01,3220.9,3231.0,24664.8605
2024-02-27T07:00:00,3231.0,3233.08,3210.88,3217.5,37209.6248
2024-02-27T08:00:00,3217.51,3232.4,3216.61,3219.98,18691.2518
2024-02-27T09:00:00,3219.98,3258.92,3219.98,3258.44,22451.0534
2024-02-27T10:00:00,3258.43,3269.0,3247.07,3260.2,21743.8696
2024-02-27T11:00:00,3260.2,3264.66,3247.0,3254.89,18944.8106
2024-02-27T12:00:00,3254.9,3288.14,3248.71,3257.09,32806.7891
2024-02-27T13:00:00,3257.09,3280.55,3240.14,3267.47,35612.6089
2024-02-27T14:00:00,3267.46,3276.66,3237.58,3253.76,30379.1704
2024-02-27T15:00:00,3253.75,3262.71,3219.9,3229.78,29966.8882
2024-02-27T16:00:00,3229.77,3252.79,3203.72,3237.38,37046.607
2024-02-27T17:00:00,3237.38,3245.9,3210.54,3225.55,21595.8231
2024-02-27T18:00:00,3225.54,3241.6,3220.78,3235.61,11212.9163
2024-02-27T19:00:00,3235.6,3260.38,3232.14,3250.72,17780.1927
2024-02-27T20:00:00,3250.72,3255.82,3233.82,3252.55,17126.8882
2024-02-27T21:00:00,3252.55,3254.36,3241.81,3248.0,10946.3303
2024-02-27T22:00:00,3247.99,3268.34,3243.68,3247.65,10864.855
2024-02-27T23:00:00,3247.65,3249.95,3236.85,3242.36,8813.2232
2024-02-28T00:00:00,3242.35,3254.76,3236.0,3254.63,9296.018
2024-02-28T01:00:00,3254.62,3258.39,3232.8,3234.99,8033.4418
2024-02-28T02:00:00,3235.0,3249.34,3230.12,3243.91,7333.8618
2024-02-28T03:00:00,3243.91,3250.2,3232.15,3248.82,8287.4032
2024-02-28T04:00:00,3248.83,3269.99,3244.16,3267.33,11901.157
2024-02-28T05:00:00,3267.33,3268.73,3250.09,3251.85,24146.8309
2024-02-28T06:00:00,3251.85,3262.34,3250.6,3258.93,20946.4472
2024-02-28T07:00:00,3258.94,3306.01,3258.74,3302.99,30360.947
2024-02-28T08:00:00,3303.0,3334.17,3282.8,3330.83,48786.9285
2024-02-28T09:00:00,3330.83,3364.0,3302.82,3359.57,49147.1182
2024-02-28T10:00:00,3359.58,3369.8,3335.16,3344.73,26989.0593
2024-02-28T11:00:00,3344.74,3350.95,3277.54,3296.13,41897.1637
2024-02-28T12:00:00,3296.13,3317.81,3287.07,3313.22,32086.9965
2024-02-28T13:00:00,3313.22,3358.82,3311.62,3354.71,49724.3909
2024-02-28T14:00:00,3354.72,3366.26,3318.56,3355.39,46484.3614
2024-02-28T15:00:00,3355.4,3376.38,3334.41,3348.39,39549.2641
2024-02-28T16:00:00,3348.38,3427.87,3347.5,3423.38,61153.7308
2024-02-28T17:00:00,3423.38,3488.0,3176.16,3342.02,199418.5367
2024-02-28T18:00:00,3342.02,3360.0,3204.57,3318.34,97256.8846
2024-02-28T19:00:00,3318.34,3331.88,3277.0,3299.12,36963.3162
2024-02-28T20:00:00,3299.13,3302.42,3253.46,3299.13,33596.7007
2024-02-28T21:00:00,3299.13,3328.31,3273.65,3322.79,24704.4249
2024-02-28T22:00:00,3322.79,3345.0,3319.37,3340.33,15315.5898
2024-02-28T23:00:00,3340.33,3384.54,3339.2,3383.1,24158.1928
2024-02-29T00:00:00,3383.11,3467.77,3374.18,3449.38,63139.4526
2024-02-29T01:00:00,3449.39,3451.15,3408.65,3416.65,27642.2383
2024-02-29T02:00:00,3416.65,3428.05,3389.96,3402.64,23624.1927
2024-02-29T03:00:00,3402.64,3417.17,3391.64,3407.15,20155.0779
2024-02-29T04:00:00,3407.15,3454.79,3397.95,3445.69,29438.4461
2024-02-29T05:00:00,3445.7,3474.81,3430.29,3469.29,23509.2378
2024-02-29T06:00:00,3469.29,3494.63,3464.72,3479.78,30787.2327
2024-02-29T07:00:00,3479.78,3480.08,3448.22,3467.99,29176.8299
2024-02-29T08:00:00,3467.99,3500.25,3455.87,3477.9,47906.2706
2024-02-29T09:00:00,3477.89,3490.98,3442.52,3463.26,27283.6005
2024-02-29T10:00:00,3463.26,3478.26,3444.13,3472.01,20991.1326
2024-02-29T11:00:00,3472.01,3522.81,3464.81,3513.87,44367.8505
2024-02-29T12:00:00,3513.88,3517.92,3445.42,3464.62,46129.0088
2024-02-29T13:00:00,3464.61,3491.73,3446.47,3478.58,27353.976
2024-02-29T14:00:00,3478.58,3497.24,3450.9,3469.05,33678.8986
2024-02-29T15:00:00,3469.05,3485.66,3455.96,3468.42,22287.8112
2024-02-29T16:00:00,3468.42,3470.6,3396.4,3440.87,43224.7687
2024-02-29T17:00:00,3440.88,3451.73,3351.61,3384.82,46689.1187
2024-02-29T18:00:00,3384.82,3411.22,3351.0,3369.88,35842.6882
2024-02-29T19:00:00,3369.88,3405.36,3358.49,3403.26,18711.1956
2024-02-29T20:00:00,3403.27,3415.44,3393.61,3393.99,18045.0055
2024-02-29T21:00:00,3393.99,3398.63,3310.0,3347.74,40472.5459
2024-02-29T22:00:00,3347.73,3358.53,3300.0,3322.61,24605.9442
2024-02-29T23:00:00,3322.6,3358.97,3319.18,3340.09,14635.5887
2024-03-01T00:00:00,3340.1,3380.0,3338.54,3378.73,21396.3919
2024-03-01T01:00:00,3378.73,3388.82,3364.61,3375.2,20170.9398
2024-03-01T02:00:00,3375.2,3380.83,3352.05,3366.73,13248.5356
2024-03-01T03:00:00,3366.73,3377.59,3355.18,3367.79,11386.0363
2024-03-01T04:00:00,3367.78,3382.43,3365.59,3376.87,13837.3731
2024-03-01T05:00:00,3376.87,3386.65,3368.9,3368.9,11423.7132
2024-03-01T06:00:00,3368.91,3399.0,3368.52,3387.26,15260.7699
2024-03-01T07:00:00,3387.26,3396.01,3364.32,3365.41,14902.1153
2024-03-01T08:00:00,3365.41,3437.08,3353.74,3420.93,51341.8222
2024-03-01T09:00:00,3420.94,3431.76,3416.75,3429.14,15375.3166
2024-03-01T10:00:00,3429.13,3429.14,3400.61,3406.04,13245.9951
2024-03-01T11:00:00,3406.04,3418.32,3398.61,3410.9,11726.0176
2024-03-01T12:00:00,3410.89,3436.86,3410.26,3423.98,13534.4603
2024-03-01T13:00:00,3423.98,3449.81,3422.6,3438.51,15137.9077
2024-03-01T14:00:00,3438.5,3449.41,3382.1,3415.85,34918.4622
2024-03-01T15:00:00,3415.84,3428.28,3379.6,3390.76,26222.3249
2024-03-01T16:00:00,3390.76,3402.49,3380.06,3387.19,20676.2846
2024-03-01T17:00:00,3387.19,3425.45,3387.19,3419.39,17209.914
2024-03-01T18:00:00,3419.38,3433.91,3410.19,3431.69,14897.0747
2024-03-01T19:00:00,3431.69,3435.9,3420.0,3427.73,11098.4712
2024-03-01T20:00:00,3427.73,3450.0,3421.28,3443.64,14618.2126
2024-03-01T21:00:00,3443.65,3448.99,3423.61,3426.71,12755.1301
2024-03-01T22:00:00,3426.71,3438.0,3424.36,3433.21,8366.3778
2024-03-01T23:00:00,3433.21,3450.0,3428.84,3433.43,10038.9306
2024-03-02T00:00:00,3433.42,3460.04,3427.3,3457.82,19911.4755
2024-03-02T01:00:00,3457.81,3458.48,3424.71,3442.47,13311.3401
2024-03-02T02:00:00,3442.47,3446.47,3428.73,3437.68,10271.5455
2024-03-02T03:00:00,3437.67,3444.15,3428.44,3442.34,10109.6104
2024-03-02T04:00:00,3442.33,3445.0,3427.56,3427.57,10073.9166
2024-03-02T05:00:00,3427.56,3431.0,3390.01,3419.7,33936.0911
2024-03-02T06:00:00,3419.69,3452.76,3414.71,3435.82,20029.1321
2024-03-02T07:00:00,3435.83,3439.91,3422.85,3430.25,9921.408
2024-03-02T08:00:00,3430.26,3435.68,3405.17,3417.5,12554.4078
2024-03-02T09:00:00,3417.5,3422.78,3391.83,3403.0,16948.979
2024-03-02T10:00:00,3402.99,3415.1,3401.42,3407.31,8851.8163
2024-03-02T11:00:00,3407.32,3416.48,3403.1,3403.39,8634.0374
2024-03-02T12:00:00,3403.4,3427.01,3403.14,3420.64,9774.9899
2024-03-02T13:00:00,3420.64,3424.51,3409.13,3410.15,8593.1447
2024-03-02T14:00:00,3410.15,3416.5,3394.47,3413.22,14372.7741
2024-03-02T15:00:00,3413.22,3424.19,3409.2,3418.05,10744.5165
2024-03-02T16:00:00,3418.04,3425.73,3410.0,3424.6,12189.0112
2024-03-02T17:00:00,3424.59,3430.84,3414.0,3414.01,9119.6722
2024-03-02T18:00:00,3414.0,3430.56,3413.37,3430.52,5680.5715
2024-03-02T19:00:00,3430.51,3431.03,3423.79,3426.19,7455.7281
2024-03-02T20:00:00,3426.2,3431.31,3404.4,3406.29,13255.7449
2024-03-02T21:00:00,3406.3,3413.4,3402.56,3408.19,6862.3405
2024-03-02T22:00:00,3408.19,3409.88,3402.99,3404.0,4882.2389
2024-03-02T23:00:00,3404.01,3421.48,3404.0,3421.4,6500.4525
2024-03-03T00:00:00,3421.39,3431.0,3409.1,3427.86,13926.4053
2024-03-03T01:00:00,3427.86,3434.0,3422.42,3430.76,10359.4624
2024-03-03T02:00:00,3430.75,3430.97,3410.81,3416.1,8935.3151
2024-03-03T03:00:00,3416.11,3431.86,3415.16,3431.56,8976.9543
2024-03-03T04:00:00,3431.57,3446.23,3428.78,3440.6,13711.6275
2024-03-03T05:00:00,3440.59,3443.69,3420.72,3421.4,9980.8833
2024-03-03T06:00:00,3421.4,3425.8,3408.83,3412.51,12608.0828
2024-03-03T07:00:00,3412.5,3415.23,3360.0,3392.76,39751.443
2024-03-03T08:00:00,3392.76,3401.77,3375.0,3395.37,18999.2754
2024-03-03T09:00:00,3395.38,3414.91,3391.94,3407.02,14630.8231
2024-03-03T10:00:00,3407.01,3409.98,3396.13,3400.46,8391.7247
2024-03-03T11:00:00,3400.46,3414.0,3395.95,3413.39,9791.882
2024-03-03T12:00:00,3413.39,3447.53,3411.4,3419.51,26322.6643
2024-03-03T13:00:00,3419.51,3429.03,3403.92,3428.75,14753.5496
2024-03-03T14:00:00,3428.75,3436.41,3415.81,3418.45,10664.5129
2024-03-03T15:00:00,3418.44,3431.24,3417.8,3422.5,8764.5935
2024-03-03T16:00:00,3422.5,3483.81,3418.22,3480.52,34142.7924
2024-03-03T17:00:00,3480.51,3484.44,3454.68,3460.74,18089.865
2024-03-03T18:00:00,3460.75,3473.8,3457.0,3469.8,9477.4606
2024-03-03T19:00:00,3469.8,3474.48,3462.6,3465.2,7918.7985
2024-03-03T20:00:00,3465.2,3473.55,3458.65,3468.25,6502.6696
2024-03-03T21:00:00,3468.24,3478.34,3462.14,3476.95,5770.7086
2024-03-03T22:00:00,3476.94,3491.8,3461.0,3473.82,16358.7459
2024-03-03T23:00:00,3473.83,3490.6,3465.13,3487.81,12801.2912
2024-03-04T00:00:00,3487.8,3528.96,3423.78,3485.51,59928.6071
2024-03-04T01:00:00,3485.52,3493.21,3467.46,3478.21,17830.7338
2024-03-04T02:00:00,3478.21,3499.0,3461.2,3487.69,16550.0976
2024-03-04T03:00:00,3487.68,3487.84,3465.52,3471.85,9931.6885
2024-03-04T04:00:00,3471.84,3487.34,3468.6,3484.2,9915.2554
2024-03-04T05:00:00,3484.21,3485.72,3456.36,3465.45,26494.8978
2024-03-04T06:00:00,3465.46,3473.79,3463.0,3473.14,10550.2157
2024-03-04T07:00:00,3473.14,3487.09,3462.0,3478.61,17971.0734
2024-03-04T08:00:00,3478.61,3544.14,3478.6,3534.0,58958.167
2024-03-04T09:00:00,3534.01,3535.0,3499.8,3523.0,31319.8771
2024-03-04T10:00:00,3523.01,3523.52,3481.67,3497.3,26267.9891
2024-03-04T11:00:00,3497.29,3511.93,3491.17,3506.91,14015.2061
2024-03-04T12:00:00,3506.92,3508.51,3497.19,3506.1,11181.5715
2024-03-04T13:00:00,3506.09,3519.0,3484.7,3490.12,20352.5608
2024-03-04T14:00:00,3490.11,3546.0,3459.03,3534.16,56537.4479
2024-03-04T15:00:00,3534.17,3568.18,3521.78,3560.42,44048.8711
2024-03-04T16:00:00,3560.42,3575.0,3534.65,3549.8,46523.1991
2024-03-04T17:00:00,3549.8,3585.34,3528.42,3543.64,58292.8417
2024-03-04T18:00:00,3543.64,3597.0,3529.8,3596.41,45948.9035
2024-03-04T19:00:00,3596.41,3610.0,3581.52,3593.01,33923.9878
2024-03-04T20:00:00,3593.0,3595.99,3573.4,3583.37,23112.3325
2024-03-04T21:00:00,3583.38,3593.23,3558.3,3580.4,20094.1304
2024-03-04T22:00:00,3580.41,3609.79,3564.31,3608.48,21438.4133
2024-03-04T23:00:00,3608.49,3640.94,3606.53,3627.76,34172.5679
2024-03-05T00:00:00,3627.75,3635.81,3607.24,3618.94,30449.7764
2024-03-05T01:00:00,3618.94,3655.27,3614.71,3642.72,30049.0692
2024-03-05T02:00:00,3642.72,3643.38,3607.28,3623.1,23062.6615
2024-03-05T03:00:00,3623.09,3697.2,3612.62,3689.81,32050.9823
2024-03-05T04:00:00,3689.81,3740.0,3672.06,3695.65,71354.0667
2024-03-05T05:00:00,3695.65,3734.21,3641.5,3715.8,87710.1527
2024-03-05T06:00:00,3715.8,3727.25,3698.4,3712.25,25350.1719
2024-03-05T07:00:00,3712.26,3722.06,3670.81,3672.98,30238.8645
2024-03-05T08:00:00,3672.99,3700.0,3651.87,3692.61,33317.611
2024-03-05T09:00:00,3692.6,3701.65,3674.0,3688.67,18698.1377
2024-03-05T10:00:00,3688.68,3725.03,3688.16,3710.5,20333.3931
2024-03-05T11:00:00,3710.5,3742.0,3710.0,3731.45,24208.7197
2024-03-05T12:00:00,3731.46,3769.0,3730.8,3759.01,45733.9222
2024-03-05T13:00:00,3759.0,3782.03,3751.57,3779.41,37179.7834
2024-03-05T14:00:00,3779.4,3806.3,3745.95,3803.95,57543.2736
2024-03-05T15:00:00,3803.95,3822.04,3753.46,3783.01,91846.1568
2024-03-05T16:00:00,3783.0,3796.07,3664.0,3688.07,115174.6274
2024-03-05T17:00:00,3688.06,3688.64,3556.46,3686.51,99730.306
2024-03-05T18:00:00,3686.51,3686.52,3590.85,3611.88,47136.7529
2024-03-05T19:00:00,3611.88,3626.52,3200.0,3376.46,159403.1988
2024-03-05T20:00:00,3376.46,3464.88,3324.68,3387.8,142627.0398
2024-03-05T21:00:00,3387.81,3529.61,3385.21,3520.05,91867.0088
2024-03-05T22:00:00,3520.05,3527.44,3434.97,3506.51,43540.4554
2024-03-05T23:00:00,3506.51,3580.6,3494.6,3553.65,34298.7322
2024-03-06T00:00:00,3553.66,3591.23,3545.4,3562.6,34749.3863
2024-03-06T01:00:00,3562.6,3583.65,3515.0,3519.02,30506.5016
2024-03-06T02:00:00,3519.01,3548.93,3499.4,3502.79,27129.3112
2024-03-06T03:00:00,3502.8,3551.6,3500.01,3538.01,23435.5812
2024-03-06T04:00:00,3538.01,3653.38,3536.2,3649.28,43237.5617
2024-03-06T05:00:00,3649.28,3770.63,3647.0,3769.44,95810.0525
2024-03-06T06:00:00,3769.44,3789.0,3747.67,3748.48,55196.9153
2024-03-06T07:00:00,3748.49,3789.77,3740.83,3786.6,36493.3187
2024-03-06T08:00:00,3786.61,3868.07,3778.6,3825.38,77653.1595
2024-03-06T09:00:00,3825.38,3867.27,3788.04,3792.23,41179.4745
2024-03-06T10:00:00,3792.23,3842.6,3791.8,3839.8,35942.1788
2024-03-06T11:00:00,3839.8,3899.47,3835.49,3879.74,46277.0628
2024-03-06T12:00:00,3879.74,3900.0,3755.0,3817.41,68729.1301
2024-03-06T13:00:00,3817.42,3845.58,3771.88,3830.77,48306.4603
2024-03-06T14:00:00,3830.78,3863.18,3768.93,3781.95,66592.1385
2024-03-06T15:00:00,3781.96,3808.7,3724.0,3790.94,50412.0675
2024-03-06T16:00:00,3790.95,3822.92,3764.25,3816.01,34889.7408
2024-03-06T17:00:00,3816.01,3850.62,3789.72,3847.05,26886.817
2024-03-06T18:00:00,3847.06,3862.5,3828.39,3862.12,26092.6305
2024-03-06T19:00:00,3862.11,3880.0,3836.34,3852.59,19136.6005
2024-03-06T20:00:00,3852.59,3892.58,3844.61,3858.05,23243.6888
2024-03-06T21:00:00,3858.05,3861.97,3832.83,3845.55,17121.9059
2024-03-06T22:00:00,3845.54,3845.88,3805.03,3813.42,14629.6013
2024-03-06T23:00:00,3813.43,3832.53,3792.7,3818.59,25843.4247
2024-03-07T00:00:00,3818.58,3852.69,3795.6,3838.0,32851.0354
2024-03-07T01:00:00,3838.0,3838.01,3774.82,3830.99,29160.0499
2024-03-07T02:00:00,3830.99,3831.4,3777.25,3784.76,20616.4923
2024-03-07T03:00:00,3784.76,3805.4,3764.21,3775.18,18994.2721
2024-03-07T04:00:00,3775.18,3799.98,3761.2,3780.07,15031.0223
2024-03-07T05:00:00,3780.08,3803.36,3742.51,3753.97,21124.8072
2024-03-07T06:00:00,3753.98,3780.95,3735.0,3771.67,18223.6426
2024-03-07T07:00:00,3771.67,3800.99,3756.0,3789.22,17473.0038
2024-03-07T08:00:00,3789.23,3814.85,3784.25,3791.54,18098.7367
2024-03-07T09:00:00,3791.53,3800.84,3774.08,3784.21,17427.028
2024-03-07T10:00:00,3784.21,3801.7,3773.09,3794.21,14180.0398
2024-03-07T11:00:00,3794.21,3814.92,3770.36,3787.58,23642.4952
2024-03-07T12:00:00,3787.58,3804.5,3773.4,3781.6,15571.213
2024-03-07T13:00:00,3781.6,3810.77,3765.12,3806.07,17184.6835
2024-03-07T14:00:00,3806.06,3853.8,3780.52,3806.85,46102.8592
2024-03-07T15:00:00,3806.85,3855.23,3796.51,3837.16,33913.9343
2024-03-07T16:00:00,3837.17,3848.14,3812.44,3830.63,20991.4323
2024-03-07T17:00:00,3830.62,3872.6,3825.63,3858.6,24554.2701
2024-03-07T18:00:00,3858.61,3881.61,3843.89,3879.08,17341.2194
2024-03-07T19:00:00,3879.08,3883.77,3852.43,3870.19,15442.6307
2024-03-07T20:00:00,3870.19,3933.16,3863.0,3928.87,38426.9218
2024-03-07T21:00:00,3928.87,3933.81,3854.01,3869.15,30096.7416
2024-03-07T22:00:00,3869.15,3888.53,3840.0,3857.01,18618.9046
2024-03-07T23:00:00,3857.01,3870.29,3851.86,3868.76,15713.2392
2024-03-08T00:00:00,3868.76,3908.28,3863.56,3905.06,20765.0654
2024-03-08T01:00:00,3905.06,3940.6,3902.46,3904.83,29575.5401
2024-03-08T02:00:00,3904.83,3916.56,3891.26,3903.0,14768.0972
2024-03-08T03:00:00,3903.0,3912.38,3891.45,3900.85,12617.213
2024-03-08T04:00:00,3900.85,3910.22,3885.8,3899.14,10913.2195
2024-03-08T05:00:00,3899.14,3904.25,3880.0,3888.06,10927.7602
2024-03-08T06:00:00,3888.07,3932.0,3883.59,3930.57,14561.1809
2024-03-08T07:00:00,3930.57,3946.57,3906.39,3908.16,28342.7885
2024-03-08T08:00:00,3908.16,3952.91,3908.15,3940.03,24858.2897
2024-03-08T09:00:00,3940.03,3950.73,3927.4,3930.43,22987.8716
2024-03-08T10:00:00,3930.43,3954.98,3922.57,3946.56,16830.2237
2024-03-08T11:00:00,3946.55,3952.0,3933.63,3950.46,14767.5788
2024-03-08T12:00:00,3950.46,3953.0,3933.43,3944.99,15004.1699
2024-03-08T13:00:00,3944.99,3981.75,3941.18,3971.07,32131.2096
2024-03-08T14:00:00,3971.08,3986.2,3945.4,3973.42,32646.1153
2024-03-08T15:00:00,3973.42,3993.75,3886.0,3900.75,92459.6486
2024-03-08T16:00:00,3900.76,3911.6,3820.0,3905.1,92993.2279
2024-03-08T17:00:00,3905.09,3978.49,3898.23,3942.38,37977.8801
2024-03-08T18:00:00,3942.38,3950.74,3916.79,3928.21,18317.4515
2024-03-08T19:00:00,3928.2,3930.8,3885.12,3928.82,24716.5602
2024-03-08T20:00:00,3928.82,3950.25,3921.8,3939.44,22349.481
2024-03-08T21:00:00,3939.44,3950.85,3890.0,3903.34,23770.9212
2024-03-08T22:00:00,3903.35,3912.37,3871.28,3876.88,20668.4167
2024-03-08T23:00:00,3876.87,3901.02,3873.66,3883.36,11449.3483
2024-03-09T00:00:00,3883.37,3905.83,3877.5,3904.14,12146.868
2024-03-09T01:00:00,3904.13,3909.0,3889.4,3901.99,9516.3063
2024-03-09T02:00:00,3902.0,3925.66,3899.32,3918.15,12324.0696
2024-03-09T03:00:00,3918.14,3929.0,3911.33,3923.21,8994.2571
2024-03-09T04:00:00,3923.22,3931.39,3918.28,3925.55,7488.4791
2024-03-09T05:00:00,3925.55,3927.79,3912.05,3918.41,8287.7968
2024-03-09T06:00:00,3918.4,3940.0,3917.51,3937.97,11177.9816
2024-03-09T07:00:00,3937.98,3942.0,3925.4,3925.47,9377.5759
2024-03-09T08:00:00,3925.46,3936.0,3922.68,3922.89,9050.4914
2024-03-09T09:00:00,3922.88,3930.6,3906.86,3919.79,11822.4003
2024-03-09T10:00:00,3919.79,3920.0,3887.99,3906.86,17710.8335
2024-03-09T11:00:00,3906.85,3917.81,3904.44,3912.49,9265.9986
2024-03-09T12:00:00,3912.5,3919.73,3901.62,3917.91,10457.9496
2024-03-09T13:00:00,3917.9,3927.05,3910.37,3916.42,11783.0705
2024-03-09T14:00:00,3916.42,3924.64,3907.31,3909.06,10481.5451
2024-03-09T15:00:00,3909.07,3921.57,3905.82,3916.66,7485.9974
2024-03-09T16:00:00,3916.66,3920.22,3874.08,3884.44,23365.7022
2024-03-09T17:00:00,3884.45,3894.11,3870.01,3883.07,15212.6997
2024-03-09T18:00:00,3883.07,3893.4,3878.41,3889.37,10265.3587
2024-03-09T19:00:00,3889.36,3891.76,3878.02,3881.18,8609.6765
2024-03-09T20:00:00,3881.18,3900.75,3881.17,3900.68,6824.2445
2024-03-09T21:00:00,3900.67,3907.64,3892.1,3904.2,6027.4699
2024-03-09T22:00:00,3904.19,3912.0,3896.32,3901.08,6912.3952
2024-03-09T23:00:00,3901.07,3912.68,3898.0,3905.21,10249.9711
2024-03-10T00:00:00,3905.2,3917.19,3899.51,3908.65,12456.7956
2024-03-10T01:00:00,3908.66,3940.1,3907.68,3929.47,21797.8115
2024-03-10T02:00:00,3929.48,3938.64,3921.0,3921.68,8196.5631
2024-03-10T03:00:00,3921.68,3937.87,3910.96,3935.0,9466.8586
2024-03-10T04:00:00,3935.01,3950.0,3931.89,3940.65,16796.538
2024-03-10T05:00:00,3940.65,3948.65,3934.0,3938.84,7668.5941
2024-03-10T06:00:00,3938.83,3947.81,3929.79,3942.99,6300.1737
2024-03-10T07:00:00,3943.0,3949.46,3937.99,3944.82,7939.4404
2024-03-10T08:00:00,3944.81,3964.67,3940.0,3959.16,10587.139
2024-03-10T09:00:00,3959.15,3959.2,3920.02,3945.57,24532.6453
2024-03-10T10:00:00,3945.56,3955.88,3932.02,3938.27,14283.2479
2024-03-10T11:00:00,3938.26,3943.68,3926.47,3932.72,11054.1241
2024-03-10T12:00:00,3932.72,3947.18,3911.98,3927.46,16530.3808
2024-03-10T13:00:00,3927.46,3931.4,3886.32,3898.59,19695.5584
2024-03-10T14:00:00,3898.59,3911.57,3860.65,3896.83,30676.6761
2024-03-10T15:00:00,3896.84,3903.23,3874.35,3883.69,18573.0726
2024-03-10T16:00:00,3883.7,3927.05,3882.06,3904.55,21063.8407
2024-03-10T17:00:00,3904.55,3916.24,3900.0,3912.04,9443.7904
2024-03-10T18:00:00,3912.03,3918.0,3893.12,3893.31,10110.7013
2024-03-10T19:00:00,3893.31,3902.13,3888.85,3898.0,7832.2913
2024-03-10T20:00:00,3898.01,3903.89,3892.21,3900.37,5745.0508
2024-03-10T21:00:00,3900.36,3903.4,3875.0,3880.55,7156.3193
2024-03-10T22:00:00,3880.54,3882.17,3791.26,3823.7,39770.8415
2024-03-10T23:00:00,3823.71,3884.05,3819.48,3878.47,18986.2255
2024-03-11T00:00:00,3878.47,3888.38,3722.95,3827.6,38301.0552
2024-03-11T01:00:00,3827.59,3840.5,3778.21,3818.44,31625.1389
2024-03-11T02:00:00,3818.43,3843.6,3814.41,3835.21,19608.4072
2024-03-11T03:00:00,3835.21,3867.6,3833.8,3866.93,15126.2445
2024-03-11T04:00:00,3866.92,3878.17,3852.18,3856.67,11920.7105
2024-03-11T05:00:00,3856.67,3879.17,3842.38,3847.98,13776.1574
2024-03-11T06:00:00,3847.98,3884.91,3834.22,3884.91,14197.2532
2024-03-11T07:00:00,3884.91,4011.79,3881.01,4001.4,118847.2233
2024-03-11T08:00:00,4001.4,4019.64,3986.86,4015.79,43809.6989
2024-03-11T09:00:00,4015.79,4047.81,3990.0,4037.01,36217.5341
2024-03-11T10:00:00,4037.01,4038.48,4022.13,4026.36,41510.3048
2024-03-11T11:00:00,4026.36,4054.6,4020.02,4034.25,45250.348
2024-03-11T12:00:00,4034.25,4065.8,4028.0,4054.99,33872.1535
2024-03-11T13:00:00,4054.89,4062.37,4017.0,4022.66,39312.0289
2024-03-11T14:00:00,4022.66,4049.0,4022.55,4034.26,19508.6236
2024-03-11T15:00:00,4034.26,4053.12,4017.57,4018.0,36101.6743
2024-03-11T16:00:00,4018.01,4046.0,3998.92,4040.2,39058.5159
2024-03-11T17:00:00,4040.2,4050.52,4030.05,4038.66,20106.9982
2024-03-11T18:00:00,4038.66,4086.23,4034.08,4058.43,28047.5239
2024-03-11T19:00:00,4058.44,4062.59,4029.77,4031.71,20700.526
2024-03-11T20:00:00,4031.7,4038.0,4027.92,4031.71,8798.0509
2024-03-11T21:00:00,4031.71,4058.6,4029.61,4054.65,12600.6052
2024-03-11T22:00:00,4054.66,4069.4,4045.01,4067.79,15864.721
2024-03-11T23:00:00,4067.79,4082.0,4062.6,4064.8,17393.0165
2024-03-12T00:00:00,4064.8,4093.92,4054.25,4057.72,35478.2778
2024-03-12T01:00:00,4057.72,4069.44,4049.12,4061.84,13800.708
2024-03-12T02:00:00,4061.85,4061.85,4048.6,4052.21,8204.0936
2024-03-12T03:00:00,4052.21,4059.63,4021.19,4028.69,24872.2049
2024-03-12T04:00:00,4028.69,4052.4,4022.74,4036.7,15955.8827
2024-03-12T05:00:00,4036.7,4043.18,4033.11,4040.01,9000.8901
2024-03-12T06:00:00,4040.01,4040.01,4000.02,4030.38,23229.2112
2024-03-12T07:00:00,4030.38,4032.61,4015.64,4027.13,13833.7113
2024-03-12T08:00:00,4027.13,4034.0,3965.0,3985.4,32957.0013
2024-03-12T09:00:00,3985.39,4012.03,3984.0,4009.09,14341.8509
2024-03-12T10:00:00,4009.09,4011.3,3992.7,4007.52,10912.2356
2024-03-12T11:00:00,4007.53,4065.0,4005.43,4020.83,25631.3058
2024-03-12T12:00:00,4020.84,4049.81,3977.16,4022.14,40688.3432
2024-03-12T13:00:00,4022.14,4037.52,3999.0,4024.59,23341.347
2024-03-12T14:00:00,4024.6,4053.8,3978.94,3979.81,52364.3476
2024-03-12T15:00:00,3979.81,4005.85,3950.0,3988.46,30582.1813
2024-03-12T16:00:00,3988.46,3991.62,3900.0,3921.81,48241.1825
2024-03-12T17:00:00,3921.81,3950.64,3828.98,3950.56,76502.592
2024-03-12T18:00:00,3950.56,3973.46,3932.22,3970.36,34755.2791
2024-03-12T19:00:00,3970.37,3991.0,3956.46,3980.23,39521.7182
2024-03-12T20:00:00,3980.23,3980.56,3927.18,3949.11,16231.176
2024-03-12T21:00:00,3949.12,3952.94,3930.0,3940.86,9671.3737
2024-03-12T22:00:00,3940.87,3957.8,3933.81,3949.79,15801.7671
2024-03-12T23:00:00,3949.79,3980.54,3939.95,3979.96,16868.7132
2024-03-13T00:00:00,3979.97,3999.77,3973.53,3977.43,14178.5563
2024-03-13T01:00:00,3977.43,4029.69,3975.4,4021.4,23571.6463
2024-03-13T02:00:00,4021.4,4037.0,4012.84,4032.61,14597.2493
2024-03-13T03:00:00,4032.61,4045.86,4025.1,4043.78,12627.5129
2024-03-13T04:00:00,4043.78,4045.0,4029.1,4043.0,13260.3685
2024-03-13T05:00:00,4043.0,4043.15,4029.6,4037.04,9106.913
2024-03-13T06:00:00,4037.04,4054.73,4033.7,4048.27,18363.8289
2024-03-13T07:00:00,4048.26,4078.38,4033.6,4038.36,29387.0543
2024-03-13T08:00:00,4038.36,4083.0,4038.09,4063.75,28861.6652
2024-03-13T09:00:00,4063.76,4066.67,4044.0,4049.77,15659.9824
2024-03-13T10:00:00,4049.78,4057.34,4042.98,4055.89,15381.4723
2024-03-13T11:00:00,4055.88,4060.21,4045.4,4048.9,11597.8707
2024-03-13T12:00:00,4048.91,4053.0,4002.56,4006.37,28548.0448
2024-03-13T13:00:00,4006.38,4022.6,3932.23,3976.32,47849.1509
2024-03-13T14:00:00,3976.27,4000.0,3951.39,3965.81,38323.8661
2024-03-13T15:00:00,3965.8,3999.94,3948.0,3962.8,33427.2435
2024-03-13T16:00:00,3962.8,3989.4,3952.23,3983.01,24995.8136
2024-03-13T17:00:00,3983.02,3995.26,3959.69,3981.01,18351.3212
2024-03-13T18:00:00,3981.01,4011.06,3973.51,4003.85,15059.7319
2024-03-13T19:00:00,4003.85,4010.18,3980.0,4000.44,12171.4482
2024-03-13T20:00:00,4000.44,4021.0,3974.62,3988.99,22907.146
2024-03-13T21:00:00,3988.98,4004.6,3978.43,4004.31,9647.2785
2024-03-13T22:00:00,4004.3,4005.37,3980.33,3983.11,11605.1731
2024-03-13T23:00:00,3983.1,4011.61,3983.1,4004.79,12825.4387
2024-03-14T00:00:00,4004.79,4010.98,3975.0,3975.08,13536.598
2024-03-14T01:00:00,3975.09,3987.5,3955.0,3983.89,18420.2329
2024-03-14T02:00:00,3983.89,4001.76,3980.8,3984.54,12235.3174
2024-03-14T03:00:00,3984.53,4000.8,3984.53,3993.77,14890.8522
2024-03-14T04:00:00,3993.77,4005.69,3940.64,3956.63,20774.249
2024-03-14T05:00:00,3956.63,3972.83,3941.26,3969.16,14529.6185
2024-03-14T06:00:00,3969.16,3993.21,3967.4,3980.75,15214.2644
2024-03-14T07:00:00,3980.75,3989.94,3959.0,3963.46,13997.51
2024-03-14T08:00:00,3963.45,3983.41,3962.6,3978.61,12724.3955
2024-03-14T09:00:00,3978.6,3997.7,3971.89,3988.2,15645.9446
2024-03-14T10:00:00,3988.19,3990.0,3962.4,3968.34,13919.3482
2024-03-14T11:00:00,3968.34,3969.85,3943.12,3955.04,17499.4798
2024-03-14T12:00:00,3955.04,3967.4,3911.0,3943.41,24231.1924
2024-03-14T13:00:00,3943.4,3952.28,3850.0,3878.69,56312.1931
2024-03-14T14:00:00,3878.68,3930.78,3864.8,3887.2,49884.6418
2024-03-14T15:00:00,3887.21,3904.0,3820.2,3845.81,49956.2484
2024-03-14T16:00:00,3845.81,3896.02,3825.07,3892.1,49424.4509
2024-03-14T17:00:00,3892.11,3895.66,3853.45,3874.81,19929.6661
2024-03-14T18:00:00,3874.8,3874.81,3760.29,3812.31,46685.5074
2024-03-14T19:00:00,3812.31,3828.0,3723.0,3785.89,68618.5649
2024-03-14T20:00:00,3785.89,3865.0,3780.79,3844.2,38464.8016
2024-03-14T21:00:00,3844.2,3870.77,3820.86,3865.75,34323.7509
2024-03-14T22:00:00,3865.75,3890.76,3864.75,3877.61,16244.1348
2024-03-14T23:00:00,3877.61,3892.0,3872.76,3881.7,10774.5617
2024-03-15T00:00:00,3881.69,3934.02,3870.0,3904.04,24077.0903
2024-03-15T01:00:00,3904.03,3909.79,3876.23,3878.83,15920.6636
2024-03-15T02:00:00,3878.84,3884.6,3700.0,3747.42,75071.7516
2024-03-15T03:00:00,3747.41,3770.37,3623.0,3722.2,93857.4838
2024-03-15T04:00:00,3722.2,3735.0,3656.49,3672.64,76809.5289
2024-03-15T05:00:00,3672.64,3727.66,3661.86,3674.21,40431.1324
2024-03-15T06:00:00,3674.21,3752.22,3673.8,3749.83,33603.6368
2024-03-15T07:00:00,3749.82,3779.92,3731.0,3754.12,24134.0876
2024-03-15T08:00:00,3754.12,3761.65,3658.2,3661.73,49540.9172
2024-03-15T09:00:00,3661.72,3698.4,3570.0,3682.91,97515.895
2024-03-15T10:00:00,3682.91,3695.73,3648.61,3659.05,37727.2506
2024-03-15T11:00:00,3659.04,3698.0,3621.86,3689.33,46479.7906
2024-03-15T12:00:00,3689.33,3708.19,3671.17,3697.33,28148.0269
2024-03-15T13:00:00,3697.32,3742.0,3670.77,3723.4,36065.7651
2024-03-15T14:00:00,3723.41,3731.41,3687.22,3720.8,28086.805
2024-03-15T15:00:00,3720.8,3725.8,3684.84,3688.9,24260.9216
2024-03-15T16:00:00,3688.89,3716.1,3659.01,3683.89,29195.0949
2024-03-15T17:00:00,3683.93,3698.42,3663.4,3694.75,18336.37
2024-03-15T18:00:00,3694.74,3789.16,3691.79,3787.57,31119.6808
2024-03-15T19:00:00,3787.58,3806.62,3675.09,3689.54,49532.7198
2024-03-15T20:00:00,3689.53,3690.0,3606.65,3629.65,43256.1957
2024-03-15T21:00:00,3629.66,3671.35,3626.8,3669.65,14807.8778
2024-03-15T22:00:00,3669.65,3734.44,3666.51,3729.8,14873.5775
2024-03-15T23:00:00,3729.79,3749.93,3711.82,3742.19,14685.1436
2024-03-16T00:00:00,3742.19,3774.89,3736.15,3759.73,26113.4728
2024-03-16T01:00:00,3759.74,3781.12,3737.33,3743.2,24856.623
2024-03-16T02:00:00,3743.2,3745.0,3725.87,3731.41,12209.2938
2024-03-16T03:00:00,3731.41,3749.31,3722.41,3735.52,10183.9065
2024-03-16T04:00:00,3735.52,3743.6,3714.15,3725.41,10510.508
2024-03-16T05:00:00,3725.41,3728.2,3690.18,3714.0,14128.3675
2024-03-16T06:00:00,3714.01,3728.97,3705.25,3725.34,11051.978
2024-03-16T07:00:00,3725.33,3741.35,3719.2,3740.19,14528.1142
2024-03-16T08:00:00,3740.2,3741.1,3713.34,3718.24,14611.8053
2024-03-16T09:00:00,3718.25,3731.8,3712.28,3719.47,9960.7263
2024-03-16T10:00:00,3719.47,3722.74,3698.11,3701.97,14352.2268
2024-03-16T11:00:00,3701.97,3708.2,3661.83,3692.29,23088.2729
2024-03-16T12:00:00,3692.29,3711.37,3664.15,3665.39,22867.1544
2024-03-16T13:00:00,3665.39,3684.6,3646.03,3646.41,27831.7025
2024-03-16T14:00:00,3646.41,3666.55,3637.73,3665.01,23933.4548
2024-03-16T15:00:00,3665.01,3684.01,3647.66,3679.55,18309.7648
2024-03-16T16:00:00,3679.54,3679.88,3656.86,3664.56,12788.504
2024-03-16T17:00:00,3664.55,3672.01,3626.39,3632.38,28228.0626
2024-03-16T18:00:00,3632.39,3638.14,3570.0,3595.61,54524.4934
2024-03-16T19:00:00,3595.6,3638.01,3592.0,3600.6,27229.3184
2024-03-16T20:00:00,3600.6,3633.8,3578.25,3619.4,22105.4248
2024-03-16T21:00:00,3619.4,3628.78,3541.18,3556.39,37084.6512
2024-03-16T22:00:00,3556.39,3581.7,3523.68,3557.99,28960.167
2024-03-16T23:00:00,3557.99,3557.99,3468.8,3523.09,58830.1639
2024-03-17T00:00:00,3523.09,3568.03,3504.95,3508.84,34525.3185
2024-03-17T01:00:00,3508.84,3559.68,3508.83,3558.59,27197.2504
2024-03-17T02:00:00,3558.59,3582.4,3552.76,3571.6,17743.1363
2024-03-17T03:00:00,3571.6,3574.18,3555.35,3571.5,10918.474
2024-03-17T04:00:00,3571.49,3572.51,3550.53,3558.94,7760.0809
2024-03-17T05:00:00,3558.95,3569.23,3536.0,3545.78,11363.0718
2024-03-17T06:00:00,3545.78,3550.27,3441.87,3444.07,37932.7267
2024-03-17T07:00:00,3444.07,3481.7,3412.0,3472.72,57064.9934
2024-03-17T08:00:00,3472.72,3575.0,3460.01,3556.61,42767.7616
2024-03-17T09:00:00,3556.6,3574.69,3545.0,3555.6,20229.9071
2024-03-17T10:00:00,3555.6,3605.57,3555.6,3596.4,28080.1686
2024-03-17T11:00:00,3596.39,3606.41,3573.91,3578.99,16406.1448
2024-03-17T12:00:00,3578.99,3601.8,3528.36,3540.31,25224.9702
2024-03-17T13:00:00,3540.31,3584.06,3539.98,3574.97,21224.315
2024-03-17T14:00:00,3574.96,3601.34,3560.05,3599.05,18788.1709
2024-03-17T15:00:00,3599.04,3647.15,3580.52,3628.42,29932.303
2024-03-17T16:00:00,3628.42,3636.55,3602.43,3611.36,25020.2433
2024-03-17T17:00:00,3611.36,3649.0,3603.97,3644.62,12812.702
2024-03-17T18:00:00,3644.63,3653.72,3623.04,3632.93,15239.6652
2024-03-17T19:00:00,3632.93,3656.45,3627.36,3651.18,9307.4079
2024-03-17T20:00:00,3651.18,3658.0,3632.0,3634.1,8456.0049
2024-03-17T21:00:00,3634.11,3643.67,3624.19,3639.88,9115.5571
2024-03-17T22:00:00,3639.88,3678.68,3639.41,3645.49,19716.5652
2024-03-17T23:00:00,3645.49,3654.99,3630.12,3644.71,10964.0548
2024-03-18T00:00:00,3644.7,3645.02,3575.78,3577.8,28262.2309
2024-03-18T01:00:00,3577.81,3612.34,3557.31,3601.97,22316.042
2024-03-18T02:00:00,3601.98,3627.45,3584.22,3598.07,19022.9414
2024-03-18T03:00:00,3598.08,3617.63,3597.0,3600.39,12407.2269
2024-03-18T04:00:00,3600.38,3629.98,3576.9,3615.49,19035.4906
2024-03-18T05:00:00,3615.5,3642.52,3604.26,3634.3,15011.9828
2024-03-18T06:00:00,3634.29,3640.97,3623.04,3627.17,10969.8886
2024-03-18T07:00:00,3627.17,3635.74,3612.99,3626.65,20453.5277
2024-03-18T08:00:00,3626.65,3627.0,3562.2,3597.95,32711.4397
2024-03-18T09:00:00,3597.95,3601.32,3555.26,3562.95,28764.0685
2024-03-18T10:00:00,3562.94,3593.0,3548.99,3591.78,24011.8917
2024-03-18T11:00:00,3591.79,3615.0,3583.79,3597.82,18669.3505
2024-03-18T12:00:00,3597.83,3613.41,3577.78,3598.19,23835.1205
2024-03-18T13:00:00,3598.2,3600.0,3526.54,3546.11,38765.4976
2024-03-18T14:00:00,3546.12,3563.99,3489.56,3513.4,41234.961
2024-03-18T15:00:00,3513.4,3529.09,3486.0,3525.18,30876.7296
2024-03-18T16:00:00,3525.17,3563.86,3493.43,3501.2,27808.3675
2024-03-18T17:00:00,3501.2,3516.66,3454.09,3508.17,38400.7117
2024-03-18T18:00:00,3508.18,3516.24,3472.51,3477.3,32741.9702
2024-03-18T19:00:00,3477.3,3508.4,3465.0,3478.89,30969.6576
2024-03-18T20:00:00,3478.88,3510.71,3478.88,3508.53,11956.1008
2024-03-18T21:00:00,3508.54,3548.0,3507.52,3526.59,16846.6246
2024-03-18T22:00:00,3526.6,3529.0,3502.81,3522.31,14578.2745
2024-03-18T23:00:00,3522.32,3546.26,3516.12,3520.46,11251.1882
2024-03-19T00:00:00,3520.47,3548.09,3449.6,3457.19,33464.4389
2024-03-19T01:00:00,3457.19,3461.99,3380.0,3391.76,77118.8269
2024-03-19T02:00:00,3391.76,3442.65,3388.08,3407.14,41685.2681
2024-03-19T03:00:00,3407.14,3437.52,3362.15,3419.17,37430.0893
2024-03-19T04:00:00,3419.18,3427.8,3366.67,3379.07,31979.5572
2024-03-19T05:00:00,3379.07,3397.4,3353.0,3382.21,38205.316
2024-03-19T06:00:00,3382.2,3393.07,3347.08,3374.99,28250.5279
2024-03-19T07:00:00,3375.0,3375.0,3306.1,3360.14,47785.5536
2024-03-19T08:00:00,3360.14,3360.16,3228.0,3241.76,85606.8207
2024-03-19T09:00:00,3241.38,3295.94,3206.1,3291.9,72590.8797
2024-03-19T10:00:00,3291.89,3292.05,3210.04,3238.21,52699.7098
2024-03-19T11:00:00,3238.21,3281.91,3202.84,3276.51,54512.8038
2024-03-19T12:00:00,3276.51,3316.73,3253.67,3295.93,48665.1236
2024-03-19T13:00:00,3295.94,3308.79,3265.01,3292.48,35351.2634
2024-03-19T14:00:00,3292.48,3292.64,3223.5,3258.94,35895.587
2024-03-19T15:00:00,3258.93,3325.69,3225.0,3303.16,44557.5688
2024-03-19T16:00:00,3303.16,3345.0,3289.0,3327.79,43973.6054
2024-03-19T17:00:00,3327.79,3357.68,3304.07,3314.29,39635.2901
2024-03-19T18:00:00,3314.29,3333.04,3280.8,3316.38,26299.606
2024-03-19T19:00:00,3316.37,3359.8,3305.69,3333.26,19928.9227
2024-03-19T20:00:00,3333.27,3338.84,3266.13,3279.28,31993.4047
2024-03-19T21:00:00,3279.27,3298.9,3253.0,3290.88,21412.8124
2024-03-19T22:00:00,3290.88,3296.43,3188.47,3211.29,48664.3188
2024-03-19T23:00:00,3211.28,3218.44,3150.88,3158.64,51922.3988
2024-03-20T00:00:00,3158.65,3238.9,3156.02,3235.11,45083.4592
2024-03-20T01:00:00,3235.11,3236.42,3160.22,3175.38,45114.8439
2024-03-20T02:00:00,3175.37,3228.73,3166.08,3224.32,32194.42
2024-03-20T03:00:00,3224.33,3266.01,3153.26,3161.02,54292.1298
2024-03-20T04:00:00,3161.02,3194.24,3099.99,3129.11,74271.8618
2024-03-20T05:00:00,3129.1,3140.65,3056.56,3109.96,62212.9206
2024-03-20T06:00:00,3109.95,3148.38,3108.23,3141.18,26653.5321
2024-03-20T07:00:00,3141.19,3226.0,3140.34,3218.48,78359.7186
2024-03-20T08:00:00,3218.47,3234.19,3205.1,3207.79,38035.9745
2024-03-20T09:00:00,3207.78,3246.0,3205.6,3235.18,30285.9571
2024-03-20T10:00:00,3235.19,3254.26,3216.6,3231.18,29157.9148
2024-03-20T11:00:00,3231.19,3296.72,3225.0,3293.26,39819.464
2024-03-20T12:00:00,3293.26,3357.0,3275.35,3354.75,58154.6622
2024-03-20T13:00:00,3354.83,3372.4,3324.21,3346.09,43629.5946
2024-03-20T14:00:00,3346.09,3388.0,3329.51,3385.59,39437.5291
2024-03-20T15:00:00,3385.59,3397.0,3283.65,3292.55,84846.2819
2024-03-20T16:00:00,3292.54,3315.51,3140.71,3241.21,106595.9857
2024-03-20T17:00:00,3241.21,3340.69,3226.53,3299.19,67147.1327
2024-03-20T18:00:00,3299.19,3405.78,3295.42,3397.6,55117.4161
2024-03-20T19:00:00,3397.59,3398.28,3354.32,3379.01,35046.3221
2024-03-20T20:00:00,3379.0,3492.56,3370.91,3460.73,54779.5873
2024-03-20T21:00:00,3460.74,3518.75,3456.43,3498.53,44515.4912
2024-03-20T22:00:00,3498.52,3525.0,3491.49,3520.46,33476.6749
2024-03-20T23:00:00,3520.47,3535.24,3503.6,3516.53,29093.9459
2024-03-21T00:00:00,3516.53,3550.81,3494.79,3516.36,42694.2558
2024-03-21T01:00:00,3516.36,3530.17,3508.64,3526.05,21662.0825
2024-03-21T02:00:00,3526.05,3558.99,3526.05,3540.25,19946.9146
2024-03-21T03:00:00,3540.24,3555.0,3493.4,3510.59,25499.4897
2024-03-21T04:00:00,3510.59,3521.6,3485.94,3494.3,19222.4659
2024-03-21T05:00:00,3494.29,3511.27,3446.47,3510.08,26531.7108
2024-03-21T06:00:00,3510.09,3533.57,3502.0,3507.16,20641.1879
2024-03-21T07:00:00,3507.16,3537.2,3502.05,3516.03,23570.1519
2024-03-21T08:00:00,3516.04,3585.76,3516.03,3569.46,30416.0353
2024-03-21T09:00:00,3569.45,3587.32,3523.77,3536.96,29376.6606
2024-03-21T10:00:00,3536.96,3550.0,3525.55,3541.98,17616.1582
2024-03-21T11:00:00,3541.98,3549.8,3520.14,3531.18,17435.9901
2024-03-21T12:00:00,3531.18,3565.73,3523.44,3541.6,17847.5428
2024-03-21T13:00:00,3541.6,3574.41,3515.01,3519.85,33580.9229
2024-03-21T14:00:00,3519.84,3564.84,3511.0,3529.52,20372.7314
2024-03-21T15:00:00,3529.53,3533.2,3478.73,3497.6,32167.2224
2024-03-21T16:00:00,3497.59,3530.41,3484.94,3528.56,20023.4558
2024-03-21T17:00:00,3528.56,3545.99,3462.1,3472.99,32550.4428
2024-03-21T18:00:00,3473.0,3481.14,3412.22,3421.71,36285.4092
2024-03-21T19:00:00,3421.72,3452.43,3416.94,3441.38,42820.1937
2024-03-21T20:00:00,3441.37,3500.0,3412.0,3484.27,31690.3376
2024-03-21T21:00:00,3484.26,3507.36,3468.36,3503.75,13538.5968
2024-03-21T22:00:00,3503.74,3521.91,3482.68,3483.2,17815.729
2024-03-21T23:00:00,3483.19,3500.0,3480.6,3492.85,9449.5195
2024-03-22T00:00:00,3492.84,3519.8,3472.95,3495.32,16934.4776
2024-03-22T01:00:00,3495.33,3511.38,3460.0,3463.21,13058.0327
2024-03-22T02:00:00,3463.22,3481.5,3454.01,3478.02,11915.0798
2024-03-22T03:00:00,3478.01,3527.61,3475.86,3522.01,19181.2661
2024-03-22T04:00:00,3522.0,3527.0,3502.0,3511.12,15461.4059
2024-03-22T05:00:00,3511.13,3533.49,3500.63,3531.81,12465.4113
2024-03-22T06:00:00,3531.8,3542.52,3521.27,3532.18,13019.4179
2024-03-22T07:00:00,3532.19,3533.0,3509.45,3511.4,17255.0638
2024-03-22T08:00:00,3511.39,3523.8,3476.6,3483.0,15835.7278
2024-03-22T09:00:00,3483.0,3494.04,3455.71,3466.49,15995.6257
2024-03-22T10:00:00,3466.5,3473.0,3428.0,3433.01,18959.8804
2024-03-22T11:00:00,3433.01,3442.0,3394.42,3405.19,17907.0001
2024-03-22T12:00:00,3405.18,3425.84,3381.18,3411.5,20569.8211
2024-03-22T13:00:00,3411.51,3419.5,3330.0,3340.35,41082.7254
2024-03-22T14:00:00,3340.35,3360.86,3281.0,3287.4,52943.7208
2024-03-22T15:00:00,3287.4,3377.47,3281.12,3349.31,45799.2118
2024-03-22T16:00:00,3349.3,3349.7,3289.0,3312.79,33687.3549
2024-03-22T17:00:00,3312.8,3344.41,3312.65,3335.97,19350.7372
2024-03-22T18:00:00,3335.97,3362.19,3321.16,3342.5,36833.6704
2024-03-22T19:00:00,3342.49,3358.99,3321.53,3340.46,34077.6015
2024-03-22T20:00:00,3340.46,3345.59,3305.46,3317.49,27818.932
2024-03-22T21:00:00,3317.5,3318.83,3250.0,3294.8,29229.637
2024-03-22T22:00:00,3294.81,3301.49,3254.42,3287.2,18368.5759
2024-03-22T23:00:00,3287.2,3336.36,3281.4,3336.35,11098.5109
2024-03-23T00:00:00,3336.35,3337.01,3315.51,3319.04,11662.7198
2024-03-23T01:00:00,3319.05,3353.4,3318.02,3347.26,13738.7311
2024-03-23T02:00:00,3347.25,3362.38,3328.09,3338.59,14606.6996
2024-03-23T03:00:00,3338.6,3339.5,3270.08,3303.56,18610.1905
2024-03-23T04:00:00,3303.55,3337.5,3298.6,3327.58,10034.8219
2024-03-23T05:00:00,3327.57,3336.8,3315.8,3331.62,6636.1399
2024-03-23T06:00:00,3331.62,3347.63,3321.21,3341.83,9173.8598
2024-03-23T07:00:00,3341.84,3383.8,3341.5,3365.28,16610.933
2024-03-23T08:00:00,3365.28,3377.44,3340.63,3350.79,11825.5731
2024-03-23T09:00:00,3350.79,3356.96,3328.34,3354.11,10269.8563
2024-03-23T10:00:00,3354.11,3380.57,3336.62,3347.49,13995.1872
2024-03-23T11:00:00,3347.49,3368.8,3342.43,3364.99,7417.3984
2024-03-23T12:00:00,3364.98,3382.28,3359.5,3369.67,9912.8424
2024-03-23T13:00:00,3369.68,3374.27,3343.41,3365.67,13006.0936
2024-03-23T14:00:00,3365.68,3422.55,3352.71,3415.17,23983.5853
2024-03-23T15:00:00,3415.18,3423.03,3383.19,3405.5,22974.8615
2024-03-23T16:00:00,3405.49,3435.48,3385.0,3414.64,17664.8503
2024-03-23T17:00:00,3414.65,3422.61,3397.25,3403.82,14244.9463
2024-03-23T18:00:00,3403.81,3413.39,3396.25,3405.32,6432.1491
2024-03-23T19:00:00,3405.31,3411.79,3384.82,3386.12,6736.0895
2024-03-23T20:00:00,3386.11,3394.49,3378.17,3387.0,5628.639
2024-03-23T21:00:00,3387.01,3397.98,3371.77,3388.05,8810.505
2024-03-23T22:00:00,3388.05,3401.6,3374.3,3377.1,29188.9738
2024-03-23T23:00:00,3377.1,3379.78,3327.28,3329.53,20510.2984
2024-03-24T00:00:00,3329.53,3358.82,3327.44,3357.61,8791.6619
2024-03-24T01:00:00,3357.61,3368.16,3347.0,3351.28,5799.8622
2024-03-24T02:00:00,3351.28,3356.7,3338.68,3344.07,8265.2136
2024-03-24T03:00:00,3344.08,3344.08,3307.0,3307.62,25184.3251
2024-03-24T04:00:00,3307.63,3325.49,3298.76,3323.4,21576.1099
2024-03-24T05:00:00,3323.41,3334.82,3316.51,3325.14,5481.8728
2024-03-24T06:00:00,3325.13,3335.07,3315.01,3326.48,5778.1502
2024-03-24T07:00:00,3326.47,3343.07,3316.9,3341.8,6697.7708
2024-03-24T08:00:00,3341.81,3379.69,3335.5,3377.59,12537.195
2024-03-24T09:00:00,3377.59,3378.5,3356.8,3365.08,8262.7638
2024-03-24T10:00:00,3365.07,3392.72,3364.45,3376.11,8383.1483
2024-03-24T11:00:00,3376.11,3391.99,3366.34,3387.38,7031.2134
2024-03-24T12:00:00,3387.37,3405.0,3376.73,3400.01,10677.1972
2024-03-24T13:00:00,3400.01,3412.47,3383.01,3386.49,10140.0577
2024-03-24T14:00:00,3386.49,3414.46,3384.76,3397.98,8610.4925
2024-03-24T15:00:00,3397.98,3406.88,3388.0,3397.51,6837.5711
2024-03-24T16:00:00,3397.5,3409.5,3368.43,3369.68,10192.7141
2024-03-24T17:00:00,3369.68,3379.8,3333.0,3367.52,23678.9445
2024-03-24T18:00:00,3367.53,3396.05,3367.08,3386.49,10488.1831
2024-03-24T19:00:00,3386.49,3395.0,3379.5,3382.5,5212.4222
2024-03-24T20:00:00,3382.49,3425.45,3375.56,3414.18,14187.912
2024-03-24T21:00:00,3414.17,3429.62,3406.01,3423.46,10117.0714
2024-03-24T22:00:00,3423.45,3450.0,3420.66,3441.54,14090.5593
2024-03-24T23:00:00,3441.55,3471.22,3440.72,3454.98,12801.7287
2024-03-25T00:00:00,3454.99,3461.17,3420.12,3428.5,10005.2624
2024-03-25T01:00:00,3428.5,3446.71,3423.55,3429.08,10891.8147
2024-03-25T02:00:00,3429.09,3445.33,3421.07,3440.6,12544.8064
2024-03-25T03:00:00,3440.6,3454.99,3434.2,3454.97,8922.6332
2024-03-25T04:00:00,3454.98,3491.37,3447.02,3489.99,33230.5597
2024-03-25T05:00:00,3490.0,3506.49,3482.0,3486.33,27632.9952
2024-03-25T06:00:00,3486.32,3487.98,3458.41,3467.77,10570.666
2024-03-25T07:00:00,3467.77,3479.0,3440.8,3444.6,13139.1073
2024-03-25T08:00:00,3444.59,3464.14,3441.03,3448.99,14781.9232
2024-03-25T09:00:00,3448.99,3460.0,3434.67,3456.83,11270.6179
2024-03-25T10:00:00,3456.82,3472.0,3445.72,3454.9,13290.1793
2024-03-25T11:00:00,3454.91,3455.72,3432.15,3436.19,9813.1288
2024-03-25T12:00:00,3436.2,3460.5,3432.3,3449.99,11597.6062
2024-03-25T13:00:00,3449.99,3486.0,3430.0,3484.91,15858.3693
2024-03-25T14:00:00,3484.91,3565.0,3471.62,3562.46,66890.6769
2024-03-25T15:00:00,3562.45,3587.9,3552.79,3581.49,31876.2956
2024-03-25T16:00:00,3581.49,3613.0,3566.2,3605.68,33947.4413
2024-03-25T17:00:00,3605.69,3666.0,3605.0,3638.91,74352.2091
2024-03-25T18:00:00,3638.91,3645.15,3619.36,3639.4,48613.9792
2024-03-25T19:00:00,3639.41,3642.1,3619.09,3638.96,27863.2794
2024-03-25T20:00:00,3638.96,3646.66,3624.5,3627.61,13692.8889
2024-03-25T21:00:00,3627.61,3628.53,3566.47,3589.01,19973.8573
2024-03-25T22:00:00,3589.0,3620.5,3589.0,3611.75,13329.1458
2024-03-25T23:00:00,3611.75,3619.86,3576.54,3590.42,14488.2511
2024-03-26T00:00:00,3590.43,3618.27,3580.95,3598.0,24588.6115
2024-03-26T01:00:00,3597.99,3623.82,3592.45,3616.02,36211.7659
2024-03-26T02:00:00,3616.01,3622.12,3598.5,3622.11,20505.9544
2024-03-26T03:00:00,3622.11,3643.71,3611.65,3623.0,36853.231
2024-03-26T04:00:00,3623.0,3640.93,3618.4,3639.84,27340.8001
2024-03-26T05:00:00,3639.85,3639.85,3622.24,3630.29,22298.1299
2024-03-26T06:00:00,3630.29,3650.0,3627.0,3649.44,10572.4013
2024-03-26T07:00:00,3649.45,3678.86,3630.48,3635.13,23410.1796
2024-03-26T08:00:00,3635.14,3660.81,3630.0,3653.33,17066.2658
2024-03-26T09:00:00,3653.34,3670.32,3643.78,3664.72,13990.5347
2024-03-26T10:00:00,3664.71,3667.33,3642.71,3649.23,15340.2741
2024-03-26T11:00:00,3649.23,3649.27,3630.0,3631.6,12561.3353
2024-03-26T12:00:00,3631.61,3654.34,3628.0,3644.55,15565.8494
2024-03-26T13:00:00,3644.55,3648.37,3592.69,3608.2,31730.457
2024-03-26T14:00:00,3608.21,3620.2,3545.13,3593.49,43380.3088
2024-03-26T15:00:00,3593.49,3597.99,3561.73,3593.35,18341.6239
2024-03-26T16:00:00,3593.35,3603.55,3542.62,3561.41,24375.1786
2024-03-26T17:00:00,3561.4,3589.4,3553.33,3583.8,13737.4568
2024-03-26T18:00:00,3583.81,3594.99,3570.27,3573.71,8129.6623
2024-03-26T19:00:00,3573.71,3580.9,3555.56,3560.82,42079.5809
2024-03-26T20:00:00,3560.83,3583.54,3558.15,3576.37,13413.981
2024-03-26T21:00:00,3576.38,3597.0,3571.73,3587.01,7805.0714
2024-03-26T22:00:00,3587.01,3606.36,3570.0,3605.02,9459.9701
2024-03-26T23:00:00,3605.02,3613.5,3583.66,3587.33,10255.2146
2024-03-27T00:00:00,3587.32,3618.91,3577.0,3616.56,11439.3066
2024-03-27T01:00:00,3616.57,3627.67,3598.8,3606.18,9633.7984
2024-03-27T02:00:00,3606.18,3619.96,3597.1,3618.79,8081.439
2024-03-27T03:00:00,3618.79,3622.22,3603.0,3603.11,8923.6111
2024-03-27T04:00:00,3603.1,3609.2,3581.24,3591.28,11546.9314
2024-03-27T05:00:00,3591.28,3614.28,3590.0,3612.41,9329.5299
2024-03-27T06:00:00,3612.41,3616.5,3600.38,3607.14,5833.543
2024-03-27T07:00:00,3607.13,3609.0,3560.2,3565.21,14700.5855
2024-03-27T08:00:00,3565.21,3581.28,3545.67,3551.21,12758.2651
2024-03-27T09:00:00,3551.21,3576.52,3532.96,3573.81,17642.9918
2024-03-27T10:00:00,3573.81,3585.88,3564.99,3582.01,11307.2201
2024-03-27T11:00:00,3582.01,3590.84,3571.95,3585.07,13990.4999
2024-03-27T12:00:00,3585.07,3594.83,3566.99,3580.68,12651.5843
2024-03-27T13:00:00,3580.68,3665.84,3554.3,3565.86,73886.331
2024-03-27T14:00:00,3565.86,3573.17,3496.15,3558.54,73842.5441
2024-03-27T15:00:00,3558.55,3560.7,3512.0,3514.3,30753.8464
2024-03-27T16:00:00,3514.29,3528.27,3484.0,3524.15,24542.5359
2024-03-27T17:00:00,3524.15,3531.76,3493.25,3498.0,12718.6543
2024-03-27T18:00:00,3498.0,3508.67,3460.02,3461.24,22053.0435
2024-03-27T19:00:00,3461.24,3499.84,3461.23,3491.18,14344.0237
2024-03-27T20:00:00,3491.18,3514.99,3489.68,3512.2,13026.3808
2024-03-27T21:00:00,3512.21,3520.65,3502.81,3506.55,7002.5757
2024-03-27T22:00:00,3506.56,3521.47,3505.46,3515.15,12699.368
2024-03-27T23:00:00,3515.15,3515.25,3485.04,3501.19,10486.7202
2024-03-28T00:00:00,3501.2,3531.47,3495.41,3515.77,15066.2194
2024-03-28T01:00:00,3515.78,3520.58,3491.59,3496.39,38134.2531
2024-03-28T02:00:00,3496.4,3512.91,3465.0,3480.19,34365.013
2024-03-28T03:00:00,3480.18,3498.89,3475.05,3496.61,10477.8737
2024-03-28T04:00:00,3496.61,3516.74,3495.79,3516.19,10156.7595
2024-03-28T05:00:00,3516.19,3542.37,3512.81,3533.7,20121.8273
2024-03-28T06:00:00,3533.7,3576.99,3526.09,3574.4,31997.9099
2024-03-28T07:00:00,3574.39,3579.95,3564.69,3573.88,11212.5525
2024-03-28T08:00:00,3573.88,3595.7,3565.81,3575.69,18660.6858
2024-03-28T09:00:00,3575.69,3594.95,3571.14,3584.08,10321.0718
2024-03-28T10:00:00,3584.08,3593.6,3570.48,3589.75,14280.1694
2024-03-28T11:00:00,3589.76,3593.35,3571.0,3579.73,12266.1786
2024-03-28T12:00:00,3579.74,3592.4,3555.96,3576.78,16221.2177
2024-03-28T13:00:00,3576.78,3603.38,3552.55,3582.59,27891.2829
2024-03-28T14:00:00,3582.6,3611.78,3568.27,3607.38,22272.1875
2024-03-28T15:00:00,3607.37,3609.71,3568.51,3578.7,17645.7539
2024-03-28T16:00:00,3578.71,3580.75,3555.38,3563.22,13462.0313
2024-03-28T17:00:00,3563.23,3565.63,3537.48,3553.86,10911.908
2024-03-28T18:00:00,3553.85,3569.28,3551.05,3561.4,22989.4581
2024-03-28T19:00:00,3561.39,3576.14,3559.58,3563.05,13145.3845
2024-03-28T20:00:00,3563.06,3566.74,3552.0,3561.0,6887.5154
2024-03-28T21:00:00,3561.0,3575.2,3547.8,3560.59,8838.8954
2024-03-28T22:00:00,3560.59,3569.49,3541.37,3566.69,10555.6271
2024-03-28T23:00:00,3566.69,3580.0,3558.43,3560.49,6772.2553
2024-03-29T00:00:00,3560.49,3564.19,3552.8,3564.18,5859.1084
2024-03-29T01:00:00,3564.19,3584.37,3560.6,3569.58,7721.8259
2024-03-29T02:00:00,3569.57,3571.0,3551.35,3561.96,8060.7864
2024-03-29T03:00:00,3561.95,3570.72,3550.05,3562.39,6978.1605
2024-03-29T04:00:00,3562.39,3580.8,3555.38,3564.01,10422.4642
2024-03-29T05:00:00,3564.0,3574.61,3555.48,3558.04,8065.6662
2024-03-29T06:00:00,3558.03,3575.0,3552.55,3574.61,18843.0116
2024-03-29T07:00:00,3574.6,3576.27,3512.85,3519.43,21255.9464
2024-03-29T08:00:00,3519.42,3546.03,3517.15,3536.8,25157.8502
2024-03-29T09:00:00,3536.79,3546.12,3521.26,3533.38,8646.9256
2024-03-29T10:00:00,3533.37,3551.49,3523.01,3551.18,10816.1032
2024-03-29T11:00:00,3551.18,3562.71,3545.4,3549.85,11236.296
2024-03-29T12:00:00,3549.86,3556.8,3533.8,3539.78,11250.7135
2024-03-29T13:00:00,3539.77,3558.0,3527.99,3548.5,9957.1899
2024-03-29T14:00:00,3548.51,3558.0,3540.8,3543.65,9779.1016
2024-03-29T15:00:00,3543.66,3547.95,3481.14,3488.53,33523.6023
2024-03-29T16:00:00,3488.52,3502.36,3468.07,3479.36,20888.3722
2024-03-29T17:00:00,3479.36,3495.7,3445.91,3485.23,27882.5439
2024-03-29T18:00:00,3485.24,3496.11,3475.39,3492.63,7424.3648
2024-03-29T19:00:00,3492.63,3500.6,3483.68,3500.34,4569.9303
2024-03-29T20:00:00,3500.35,3501.0,3492.19,3497.2,14901.2361
2024-03-29T21:00:00,3497.19,3499.6,3476.01,3485.3,21471.0579
2024-03-29T22:00:00,3485.3,3522.03,3485.29,3521.89,10624.4524
2024-03-29T23:00:00,3521.88,3524.55,3509.73,3509.74,7749.4695
2024-03-30T00:00:00,3509.74,3514.35,3501.16,3514.19,6720.3672
2024-03-30T01:00:00,3514.19,3521.89,3508.0,3511.41,7289.1004
2024-03-30T02:00:00,3511.4,3512.74,3501.8,3506.26,6094.9913
2024-03-30T03:00:00,3506.26,3509.43,3486.58,3490.0,14088.8186
2024-03-30T04:00:00,3489.99,3511.01,3487.0,3507.42,14237.6309
2024-03-30T05:00:00,3507.41,3532.77,3505.09,3508.01,22373.9
2024-03-30T06:00:00,3508.0,3508.56,3493.48,3499.6,11278.1963
2024-03-30T07:00:00,3499.59,3503.0,3492.34,3492.64,8188.9714
2024-03-30T08:00:00,3492.65,3510.0,3492.2,3505.24,10240.7911
2024-03-30T09:00:00,3505.24,3515.25,3500.6,3515.25,7923.5071
2024-03-30T10:00:00,3515.25,3529.39,3509.57,3526.88,8073.7671
2024-03-30T11:00:00,3526.88,3564.0,3526.57,3560.0,17536.2912
2024-03-30T12:00:00,3559.99,3565.81,3548.4,3552.0,8263.268
2024-03-30T13:00:00,3551.99,3552.97,3535.26,3543.47,7117.3214
2024-03-30T14:00:00,3543.47,3547.34,3531.0,3534.19,5793.6034
2024-03-30T15:00:00,3534.19,3548.92,3532.76,3536.61,7492.4247
2024-03-30T16:00:00,3536.6,3547.71,3526.17,3542.53,8240.5673
2024-03-30T17:00:00,3542.53,3542.54,3526.08,3531.96,5873.478
2024-03-30T18:00:00,3531.97,3531.97,3519.91,3524.75,5054.4745
2024-03-30T19:00:00,3524.75,3524.75,3485.0,3509.02,14996.0283
2024-03-30T20:00:00,3509.02,3511.99,3498.47,3505.81,4695.2345
2024-03-30T21:00:00,3505.81,3510.9,3494.88,3504.25,4557.6891
2024-03-30T22:00:00,3504.25,3519.0,3500.46,3506.4,5371.2208
2024-03-30T23:00:00,3506.39,3510.22,3496.39,3505.64,4523.6208
2024-03-31T00:00:00,3505.65,3520.0,3505.09,3518.2,5996.1466
2024-03-31T01:00:00,3518.2,3528.77,3515.0,3523.31,5838.503
2024-03-31T02:00:00,3523.31,3544.07,3520.03,3532.22,7477.7133
2024-03-31T03:00:00,3532.21,3542.37,3523.08,3537.26,5788.5156
2024-03-31T04:00:00,3537.26,3547.96,3532.42,3543.01,4642.0967
2024-03-31T05:00:00,3543.01,3607.97,3540.0,3604.2,33620.1937
2024-03-31T06:00:00,3604.2,3631.99,3604.03,3615.99,25906.5206
2024-03-31T07:00:00,3615.99,3629.21,3610.93,3625.38,11773.8272
2024-03-31T08:00:00,3625.38,3632.8,3614.0,3617.82,11112.2078
2024-03-31T09:00:00,3617.81,3618.45,3601.2,3601.21,7578.6676
2024-03-31T10:00:00,3601.2,3609.7,3601.2,3604.76,6155.2292
2024-03-31T11:00:00,3604.76,3612.39,3600.38,3609.2,8397.7301
2024-03-31T12:00:00,3609.2,3627.53,3606.78,3616.33,10218.5787
2024-03-31T13:00:00,3616.33,3630.0,3616.2,3623.44,10361.0297
2024-03-31T14:00:00,3623.45,3638.0,3616.0,3622.35,10827.724
2024-03-31T15:00:00,3622.35,3624.6,3613.03,3617.68,8157.7942
2024-03-31T16:00:00,3617.69,3633.81,3617.32,3621.0,8460.6032
2024-03-31T17:00:00,3621.0,3629.83,3620.14,3626.58,4911.3682
2024-03-31T18:00:00,3626.59,3655.32,3623.0,3629.19,15264.4942
2024-03-31T19:00:00,3629.18,3643.71,3613.75,3638.18,12453.9052
2024-03-31T20:00:00,3638.19,3644.06,3629.16,3633.25,6054.9244
2024-03-31T21:00:00,3633.24,3639.61,3617.8,3625.32,7404.4659
2024-03-31T22:00:00,3625.32,3639.82,3623.2,3629.8,6739.7872
2024-03-31T23:00:00,3629.8,3650.6,3628.8,3645.29,8322.9614
